subject_id,Group,variant_yn,amyloidosis,age,sex,variant_id_1,variant_id_2,variant_id_3,variant_id_4,variant_id_5,variant_id_6,variant_id_7,vaf_1,vaf_2,vaf_3,vaf_4,vaf_5,vaf_6,vaf_7,loy,black_race,hispanic,afib,cad,htn,hl,pvd,stroke,ckd,copd,cancer,dm,smoking,egfr,bnp,probnp,hs_tni,hs_tnt,gal3,gal3_tertile,wall_thk,lvef,co,e,ee,lav,gls,hosp_all_yn,hosp_all_total,hosp_cv_yn,hosp_cv_total,enrl_date,last_fu_date,hosp_all_first,hosp_cv_first,days_last_fu,days_first_hf,days_first_cv,death,death_date,num_var,avg_vaf,cum_vaf
1091,1,1,1,78,1,TET2; NP_060098.3:p.Arg544Ter,NA,NA,NA,NA,NA,NA,0.0112,NA,NA,NA,NA,NA,NA,0.86,1,0,0,1,1,1,0,0,1,0,0,0,0,41.4,1037.4,1618.7,60.6,57.11,27.6,1,1.3,40,4,4.1,23.41463415,79,-7.8,1,5,1,4,1/12/21,1/11/22,2/14/21,2/14/21,364,33,33,,,,,
1151,1,1,1,74,1,DNMT3A; NP_072046.2:p.Arg729Gln,NA,NA,NA,NA,NA,NA,0.0055,NA,NA,NA,NA,NA,NA,-1.09,1,0,0,0,1,1,0,0,0,0,0,1,0,29.1,NA,NA,NA,NA,NA,NA,2,23,2,2.4,39.58333333,79,NA,1,1,1,1,9/22/21,3/24/22,2/20/22,2/20/22,183,151,151,,,,,
1182,1,1,1,86,1,NA,NA,NA,NA,NA,NA,NA,NA,NA,NA,NA,NA,NA,NA,1.51,1,1,1,0,1,1,0,0,1,0,0,0,0,53.8,NA,1933,NA,130,NA,NA,1.7,56,2.5,4.25,18.82352941,67,NA,0,0,0,0,1/21/22,NA,NA,NA,NA,NA,NA,,,,,
2058,1,1,1,70,1,NA,NA,NA,NA,NA,NA,NA,NA,NA,NA,NA,NA,NA,NA,6.08,1,0,1,0,1,0,0,0,0,0,0,0,0,79.2,675.3,3612.7,86.2,78.7,22.8,1,1.6,34,3.1,5.1,11.11764706,98,-6.9,1,2,1,2,1/31/20,3/1/21,10/27/20,10/27/20,395,270,270,,,,,
2066,1,1,1,85,2,TET2; NP_060098.3:p.Gln916Ter,NA,NA,NA,NA,NA,NA,0.0223,NA,NA,NA,NA,NA,NA,na,1,0,0,0,1,1,0,0,1,0,0,1,0,16.4,343.4,7310.4,393.9,149.6,56.6,2,1.7,53,2.7,4,30.25,98,-7.3,1,2,0,0,2/21/20,2/19/21,11/4/20,NA,364,257,NA,,,,,
2151,1,1,1,82,2,NA,NA,NA,NA,NA,NA,NA,NA,NA,NA,NA,NA,NA,NA,na,1,0,1,1,1,1,0,0,0,0,0,0,0,89.5,NA,NA,NA,NA,NA,NA,1.3,62,5.3,4.85,12.57731959,63,NA,0,0,0,0,11/17/21,5/23/22,NA,NA,187,NA,NA,,,,,
1065,2,0,1,83,1,DNMT3A; NP_072046.2:p.Pro904Leu,NA,NA,NA,NA,NA,NA,0.0104,NA,NA,NA,NA,NA,NA,-3.1,1,0,0,0,1,1,0,1,1,1,0,1,0,35.5,122.7,742.4,97.8,75.12,31.9,2,1.3,72,4.9,4.9,17.95918367,68,-16.8,0,0,0,0,8/27/20,9/16/21,NA,NA,385,NA,NA,,,,,
1073,2,0,1,87,1,DNMT3A; NP_072046.2:p.Trp297Ter,NA,NA,NA,NA,NA,NA,0.005,NA,NA,NA,NA,NA,NA,13.03,1,0,0,0,1,0,0,0,0,0,0,0,0,60,109.3,617.3,21.9,21.93,16.5,0,1.5,65,4,4.1,19.02439024,59,-13.7,0,0,0,0,10/1/20,1/11/22,NA,NA,467,NA,NA,,,,,
1082,2,0,1,92,2,NA,NA,NA,NA,NA,NA,NA,NA,NA,NA,NA,NA,NA,NA,na,1,1,0,1,1,1,0,1,0,0,0,0,0,84.8,103.9,841.6,51,39.68,27,1,1.4,60,7,3.2,20.9375,87,-12,0,0,0,0,11/9/20,11/29/21,NA,NA,385,NA,NA,,,,,
1086,2,0,1,77,1,NA,NA,NA,NA,NA,NA,NA,NA,NA,NA,NA,NA,NA,NA,3.62,1,0,0,0,1,1,0,0,0,0,0,1,0,56.6,99.5,946.6,81.7,53.59,24.6,1,1.6,65,4.6,3.6,17.77777778,78,-11.1,0,0,0,0,11/23/20,11/22/21,NA,NA,364,NA,NA,,,,,
1117,2,0,1,101,2,DNMT3A; NP_072046.2:p.Arg771Ter,NA,NA,NA,NA,NA,NA,0.0111,NA,NA,NA,NA,NA,NA,na,1,0,1,0,1,0,0,0,1,1,1,0,0,37.1,NA,NA,NA,NA,NA,NA,1.4,63,5,4.1,38.7804878,94,-14.9,1,2,1,2,5/19/21,5/18/22,9/10/21,9/10/21,364,114,114,,,,,
2052,2,0,1,79,2,NA,NA,NA,NA,NA,NA,NA,NA,NA,NA,NA,NA,NA,NA,na,1,0,1,1,1,0,0,0,0,0,0,0,0,50.1,269.7,848.2,9.1,13.77,24,1,1.1,72,3.6,7.6,20.57894737,153,-17.1,1,5,0,0,1/10/20,2/12/21,3/7/20,NA,399,57,NA,,,,,
2059,2,0,1,80,1,SF3B1; NP_036565.2:p.Thr663Ile,NA,NA,NA,NA,NA,NA,0.1119,NA,NA,NA,NA,NA,NA,23.82,1,0,0,1,1,1,1,0,0,1,1,1,0,70.5,164.6,1208.8,87.8,49.98,31.4,2,1.4,48,4,3.85,20.93506494,108,-7.9,0,0,0,0,2/4/20,3/5/21,NA,NA,395,NA,NA,,,,,
2101,2,0,1,72,1,NA,NA,NA,NA,NA,NA,NA,NA,NA,NA,NA,NA,NA,NA,4.67,1,0,0,0,1,0,0,0,0,0,0,0,0,53.6,NA,NA,NA,NA,NA,NA,1.6,51,3,6.95,8.057553957,38,-9.9,0,0,0,0,1/26/21,3/4/22,NA,NA,402,NA,NA,,,,,
2126,2,0,1,86,1,NA,NA,NA,NA,NA,NA,NA,NA,NA,NA,NA,NA,NA,NA,4.96,1,0,0,0,1,0,0,0,1,0,1,0,0,61.1,NA,NA,0.104,NA,NA,NA,1.9,61,3.3,3.4,27.64705882,102,-11.9,1,1,1,1,5/14/21,6/10/22,1/19/22,1/19/22,392,250,250,,,,,
2129,2,0,1,82,1,DNMT3A; NP_072046.2:p.Arg882Cys,NA,NA,NA,NA,NA,NA,0.0236,NA,NA,NA,NA,NA,NA,1.1,1,0,0,1,1,1,1,0,1,0,0,1,0,43.1,NA,NA,NA,NA,NA,NA,2,49,4.8,2.9,28.62068966,83,-9.6,1,1,1,1,6/2/21,6/7/22,11/16/21,11/16/21,370,167,167,,,,,
2139,2,0,1,91,2,NA,NA,NA,NA,NA,NA,NA,NA,NA,NA,NA,NA,NA,NA,na,1,0,1,1,1,1,0,0,1,0,0,0,0,45.7,NA,NA,NA,NA,NA,NA,1.2,50,4.2,7.55,12.98013245,92,NA,1,3,1,3,7/20/21,5/1/22,8/12/21,8/12/21,285,23,23,,,,,
TTR2-001,2,0,1,55,1,NA,NA,NA,NA,NA,NA,NA,NA,NA,NA,NA,NA,NA,NA,3.49,0,0,0,0,0,NA,NA,0,1,NA,NA,0,NA,52.5,NA,3870,NA,NA,NA,NA,1.65,67,5.05,NA,12.5,96.48,-12,NA,NA,NA,NA,NA,3/7/23,NA,NA,NA,NA,NA,0,NA,,,
TTR2-155,2,0,1,60,1,NA,NA,NA,NA,NA,NA,NA,NA,NA,NA,NA,NA,NA,NA,-2.23,0,0,1,0,0,NA,NA,0,1,NA,NA,0,NA,57.8,NA,896.2,NA,10,NA,NA,1.65,55,NA,NA,NA,120.2,NA,NA,NA,NA,NA,NA,2/7/23,NA,NA,NA,NA,NA,0,NA,,,
TTR2-027,2,0,1,64,1,NA,NA,NA,NA,NA,NA,NA,NA,NA,NA,NA,NA,NA,NA,1.3,0,0,0,0,0,NA,NA,0,1,NA,NA,0,NA,NA,NA,NA,NA,NA,NA,NA,1.55,53,NA,NA,NA,NA,NA,NA,NA,NA,NA,NA,2/14/23,NA,NA,NA,NA,NA,0,NA,,,
TTR2-152,2,0,1,64,1,NA,NA,NA,NA,NA,NA,NA,NA,NA,NA,NA,NA,NA,NA,1.02,0,0,0,0,1,NA,NA,0,NA,NA,NA,0,NA,NA,NA,9.2,NA,10,NA,NA,1.15,55,NA,NA,NA,84.4,NA,1,1,0,0,NA,3/1/23,3/14/17,NA,NA,NA,NA,0,NA,,,
TTR2-005,2,0,1,65,1,NA,NA,NA,NA,NA,NA,NA,NA,NA,NA,NA,NA,NA,NA,2.68,0,0,1,0,1,NA,NA,0,1,NA,NA,0,NA,46.9,NA,2412,NA,10,NA,NA,1.995,33,NA,NA,NA,NA,NA,NA,NA,NA,NA,NA,3/8/23,NA,NA,NA,NA,NA,0,NA,,,
TTR2-203,2,0,1,65,1,DNMT3A; NP_072046.2:p.Ile705Thr,NA,NA,NA,NA,NA,NA,0.0059,NA,NA,NA,NA,NA,NA,1.19,0,0,0,0,0,NA,NA,0,0,NA,NA,0,NA,NA,NA,NA,NA,NA,NA,NA,NA,NA,NA,NA,NA,NA,NA,0,0,0,0,NA,10/19/22,NA,NA,NA,NA,NA,0,NA,,,
SMP-1177,2,0,1,65,1,NA,NA,NA,NA,NA,NA,NA,NA,NA,NA,NA,NA,NA,NA,3.85,1,0,0,0,1,NA,NA,0,0,NA,NA,0,NA,75.8,NA,NA,NA,NA,NA,NA,1.9,39,5.2,5.45,18.89908257,118,NA,1,1,0,0,NA,1/27/23,9/21/22,NA,NA,NA,NA,0,NA,,,
TTR2-213,2,0,1,68,1,DNMT3A; NP_072046.2:p.Phe731Leu,NA,NA,NA,NA,NA,NA,0.0078,NA,NA,NA,NA,NA,NA,1.15,0,0,1,1,1,NA,NA,0,1,NA,NA,1,NA,52.5,NA,1602,NA,0,NA,NA,1.35,62.5,NA,5.5,19.05,93.8,NA,NA,NA,NA,NA,NA,3/3/23,NA,NA,NA,NA,NA,0,NA,,,
TTR2-165,2,0,1,69,1,DNMT3A; NP_072046.2:p.Arg882Ser,NA,NA,NA,NA,NA,NA,0.0185,NA,NA,NA,NA,NA,NA,-0.88,0,0,1,1,0,NA,NA,0,0,NA,NA,0,NA,72.3,NA,2216,NA,60,NA,NA,1.4,43,NA,NA,NA,112.1,NA,NA,NA,NA,NA,NA,3/18/19,NA,NA,NA,NA,NA,0,NA,,,
TTR2-231,2,0,1,70,1,DNMT3A; NP_072046.2:p.Gly543Ala,NA,NA,NA,NA,NA,NA,0.0872,NA,NA,NA,NA,NA,NA,-0.63,0,0,0,0,1,NA,NA,0,0,NA,NA,0,NA,58.8,NA,324,NA,10,NA,NA,1.65,63,5.65,6,15.45,96,-15,NA,NA,NA,NA,NA,2/9/23,NA,NA,NA,NA,NA,0,NA,,,
TTR2-150,2,0,1,70,1,NA,NA,NA,NA,NA,NA,NA,NA,NA,NA,NA,NA,NA,NA,66.75,0,0,1,1,0,NA,NA,0,1,NA,NA,0,NA,42.5,NA,3794,NA,50,NA,NA,1.5,30,NA,NA,NA,130.4,NA,NA,NA,NA,NA,NA,3/3/23,NA,NA,NA,NA,NA,0,NA,,,
TTR2-232,2,0,1,71,1,NA,NA,NA,NA,NA,NA,NA,NA,NA,NA,NA,NA,NA,NA,20.65,0,0,1,1,1,NA,NA,0,1,NA,NA,0,NA,56.4,NA,1283,NA,NA,NA,NA,NA,NA,NA,NA,NA,NA,NA,0,0,0,0,NA,3/24/23,NA,NA,NA,NA,NA,0,NA,,,
TTR2-128,2,0,1,85,1,ATM; NP_000042.3:p.Thr2438Lys,NA,NA,NA,NA,NA,NA,0.0059,NA,NA,NA,NA,NA,NA,-0.16,0,0,0,0,0,NA,NA,0,1,NA,NA,0,NA,45.2,NA,1340,NA,40,NA,NA,NA,NA,NA,NA,NA,NA,NA,0,0,0,0,NA,6/7/22,NA,NA,NA,NA,NA,1,3/3/23,,,
TTR2-194,2,0,1,85,1,NA,NA,NA,NA,NA,NA,NA,NA,NA,NA,NA,NA,NA,NA,2.67,0,0,1,0,1,NA,NA,0,1,NA,NA,0,NA,57.7,NA,1346,NA,NA,NA,NA,1.05,55,5.69,NA,NA,NA,NA,NA,NA,NA,NA,NA,12/2/22,NA,NA,NA,NA,NA,0,NA,,,
TTR2-116,2,0,1,87,1,TET2; NP_001120680.1:p.Arg1516Ter,NA,NA,NA,NA,NA,NA,0.0135,NA,NA,NA,NA,NA,NA,44.09,0,0,1,0,0,NA,NA,0,1,NA,NA,0,NA,NA,NA,NA,NA,NA,NA,NA,1.2,65,NA,NA,NA,NA,NA,1,3,1,1,NA,11/29/18,8/22/18,10/11/18,NA,NA,NA,1,11/29/18,,,
TTR2-135,2,0,1,87,1,NA,NA,NA,NA,NA,NA,NA,NA,NA,NA,NA,NA,NA,NA,0,0,0,1,1,1,NA,NA,1,1,NA,NA,0,NA,62,NA,1749,NA,20,NA,NA,1.05,55,NA,NA,NA,NA,NA,NA,NA,NA,NA,NA,1/29/20,NA,NA,NA,NA,NA,1,1/29/20,,,
TTR2-214,2,0,1,88,1,NA,NA,NA,NA,NA,NA,NA,NA,NA,NA,NA,NA,NA,NA,4,0,0,1,0,0,NA,NA,0,0,NA,NA,0,NA,27.7,NA,3717,NA,110,NA,NA,1.65,52.5,NA,NA,NA,NA,NA,1,5,1,3,NA,2/15/21,3/13/18,8/15/19,NA,NA,NA,1,2/15/21,,,
TTR2-185,2,0,1,89,1,NA,NA,NA,NA,NA,NA,NA,NA,NA,NA,NA,NA,NA,NA,-0.06,0,0,1,1,0,NA,NA,0,1,NA,NA,0,NA,35.6,NA,3264,NA,NA,NA,NA,0.82,44.7,5.6,5.85,40.8,93.78,NA,NA,NA,NA,NA,NA,4/20/19,NA,NA,NA,NA,NA,1,4/20/19,,,
SMP-1205,2,0,1,89,1,NA,NA,NA,NA,NA,NA,NA,NA,NA,NA,NA,NA,NA,NA,-1.43,1,1,1,0,1,NA,NA,0,1,NA,NA,0,NA,29.7,NA,NA,NA,NA,NA,NA,NA,NA,NA,NA,NA,NA,NA,1,1,1,1,NA,1/26/23,8/12/22,8/12/22,NA,NA,NA,0,NA,,,
TTR2-225,2,0,1,90,1,TP53; NP_000537.3:p.Gly262Val,NA,NA,NA,NA,NA,NA,0.0104,NA,NA,NA,NA,NA,NA,-2.69,0,0,1,0,1,NA,NA,0,1,NA,NA,0,NA,47.7,NA,1909,NA,50,NA,NA,2.3,57.5,NA,NA,NA,NA,NA,0,0,0,0,NA,6/25/21,NA,NA,NA,NA,NA,0,NA,,,
TTR2-230,2,0,1,90,1,SF3B1; NP_036565.2:p.Glu622Asp,NA,NA,NA,NA,NA,NA,0.0092,NA,NA,NA,NA,NA,NA,74.22,0,0,0,0,0,NA,NA,0,1,NA,NA,0,NA,44.7,NA,387.6,NA,0,NA,NA,NA,NA,NA,NA,NA,NA,NA,NA,NA,NA,NA,NA,6/13/21,NA,NA,NA,NA,NA,1,6/13/21,,,
TTR2-212,2,0,1,92,1,ATM; NP_000042.3:p.Phe2410Leu,NA,NA,NA,NA,NA,NA,0.005,NA,NA,NA,NA,NA,NA,-1.34,0,0,1,1,1,NA,NA,0,0,NA,NA,0,NA,NA,NA,NA,NA,NA,NA,NA,NA,NA,NA,NA,NA,NA,NA,0,0,0,0,NA,2/3/20,NA,NA,NA,NA,NA,1,2/3/20,,,
TTR2-168,2,0,1,84,1,DNMT3A; NP_072046.2:p.Arg676Trp,NA,NA,NA,NA,NA,NA,0.0148,NA,NA,NA,NA,NA,NA,10.03,0,0,0,1,0,NA,NA,0,0,NA,NA,0,NA,67.3,NA,2541,NA,30,NA,NA,NA,NA,NA,NA,NA,NA,NA,NA,NA,NA,NA,NA,3/7/23,NA,NA,NA,NA,NA,0,NA,,,
TTR2-169,2,0,1,84,1,NA,NA,NA,NA,NA,NA,NA,NA,NA,NA,NA,NA,NA,NA,3.64,0,0,1,0,1,NA,NA,0,1,NA,NA,0,NA,43.3,NA,2139,NA,30,NA,NA,1.35,52,NA,NA,NA,NA,NA,1,1,1,1,NA,3/16/23,7/3/18,7/3/18,NA,NA,NA,0,NA,,,
1058,3,1,0,70,2,NA,NA,NA,NA,NA,NA,NA,NA,NA,NA,NA,NA,NA,NA,na,1,0,1,0,0,0,0,0,0,0,0,0,0,166.6,10,34.3,1.5,46.99,21.1,1,1.1,68,2.2,7.8,7.564102564,NA,-20.1,0,0,0,0,7/30/20,9/8/21,NA,NA,405,NA,NA,,,,,
1094,3,1,0,65,2,NA,NA,NA,NA,NA,NA,NA,NA,NA,NA,NA,NA,NA,NA,na,1,0,0,0,1,0,0,0,0,0,0,0,0,83.6,113.5,410.8,4.6,18.74,13.6,0,1.2,74,3.6,5.25,NA,52,-20,0,0,0,0,1/21/21,2/3/22,NA,NA,378,NA,NA,,,,,
1102,3,1,0,65,2,NA,NA,NA,NA,NA,NA,NA,NA,NA,NA,NA,NA,NA,NA,na,1,0,0,0,1,1,0,0,0,0,0,1,0,92.3,NA,NA,NA,NA,NA,NA,1.3,65,6,6.4,9.0625,59,-16.9,0,0,0,0,3/17/21,3/22/22,NA,NA,370,NA,NA,,,,,
1145,3,1,0,85,1,NA,NA,NA,NA,NA,NA,NA,NA,NA,NA,NA,NA,NA,NA,11.65,1,0,1,0,1,1,0,0,0,0,0,0,0,58.3,NA,NA,NA,NA,NA,NA,1.1,69,4.2,3.9,14.1025641,70,NA,1,2,1,2,8/30/21,3/24/22,11/24/21,11/24/21,206,86,86,,,,,
1178,3,1,0,64,1,NA,NA,NA,NA,NA,NA,NA,NA,NA,NA,NA,NA,NA,NA,1.77,1,0,0,0,1,0,0,0,0,0,0,0,0,71.1,NA,NA,NA,NA,NA,NA,1.4,61,7,5.8,9.827586207,101,NA,0,0,0,0,12/21/21,7/7/22,NA,NA,198,NA,NA,,,,,
2053,3,1,0,77,1,TET2; NP_001120680.1:p.Thr1884Ala,NA,NA,NA,NA,NA,NA,0.0093,NA,NA,NA,NA,NA,NA,21.11,1,0,1,0,0,1,0,0,0,0,0,0,0,64.2,171.6,1204.3,158.5,36.17,21.2,1,1.5,54,6.1,6.15,15.59349593,127,-11.2,1,1,0,0,1/21/20,12/8/20,11/25/20,NA,322,309,NA,,,,,
2055,3,1,0,87,1,SF3B1; NP_036565.2:p.Lys666Thr,NA,NA,NA,NA,NA,NA,0.2325,NA,NA,NA,NA,NA,NA,8.01,0,1,0,0,1,0,0,0,1,0,0,0,0,25.6,130.7,489.1,27.3,70.87,37.7,2,1.2,60,4.8,7.65,11.54248366,73,-14.1,1,1,1,1,1/24/20,3/17/21,8/11/20,8/11/20,418,200,200,,,,,
2073,3,1,0,64,1,DNMT3A; NP_072046.2:p.Tyr660Cys,NA,NA,NA,NA,NA,NA,0.0431,NA,NA,NA,NA,NA,NA,0.43,1,0,1,1,1,0,0,0,0,0,0,1,1,79.8,101.6,890,45.9,28.32,26.3,1,1.6,55,6.6,9.1,10.21978022,157,-6.5,1,1,0,0,8/25/20,9/16/21,NA,NA,387,NA,NA,,,,,
2074,3,1,0,70,2,NA,NA,NA,NA,NA,NA,NA,NA,NA,NA,NA,NA,NA,NA,na,1,0,0,0,1,1,0,1,1,0,0,1,0,38.3,66.7,527.6,14.7,81.83,20.8,1,1.5,57,5,4.7,17.87234043,76,-14.4,0,0,0,0,9/2/20,2/4/22,NA,NA,520,NA,NA,,,,,
2086,3,1,0,63,2,NA,NA,NA,NA,NA,NA,NA,NA,NA,NA,NA,NA,NA,NA,na,1,0,1,0,1,1,0,0,0,0,0,1,1,69.3,316.8,2511.6,3.4,13.64,30.2,2,1.6,69,4.9,7.2,17.36111111,96,-19.9,0,0,0,0,11/10/20,8/2/21,NA,NA,265,NA,NA,,,,,
2144,3,1,0,66,2,NA,NA,NA,NA,NA,NA,NA,NA,NA,NA,NA,NA,NA,NA,na,1,0,0,1,1,1,0,0,0,0,0,1,0,50.9,NA,NA,NA,NA,NA,NA,1,41,4.3,4.8,13.33333333,39,NA,0,0,0,0,9/24/21,3/7/22,NA,NA,164,NA,NA,,,,,
1044,4,0,0,86,1,ATM; NP_000042.3:p.Asn3003Ser,NA,NA,NA,NA,NA,NA,0.0064,NA,NA,NA,NA,NA,NA,2.14,0,1,0,1,1,1,0,0,1,0,0,0,0,36.6,103.2,534.2,22.6,47.01,25.8,1,1.5,70,4,4.25,15.05882353,73,-14.8,0,0,0,0,2/20/20,3/4/21,NA,NA,378,NA,NA,,,,,
1049,4,0,0,74,1,DNMT3A; NP_072046.2:p.Trp313Ter,NA,NA,NA,NA,NA,NA,0.0115,NA,NA,NA,NA,NA,NA,6.49,1,0,0,1,1,1,0,0,0,0,1,1,1,78.5,34.9,173.6,20.9,25.65,34.6,2,0.96,55,3.6,6,11.16666667,65,-15,1,2,0,0,3/3/20,6/24/21,11/18/20,NA,478,260,NA,,,,,
1084,4,0,0,79,1,EZH2; NP_004447.2:p.Asp657His,NA,NA,NA,NA,NA,NA,0.0232,NA,NA,NA,NA,NA,NA,1.53,1,0,0,0,1,1,0,0,0,0,0,0,0,90.3,46.6,235.5,6,12.58,10.8,0,1.3,53,3,4.75,16.63157895,60,-13.2,0,0,0,0,11/13/20,5/11/21,NA,NA,179,NA,NA,,,,,
2032,4,0,0,82,2,NA,NA,NA,NA,NA,NA,NA,NA,NA,NA,NA,NA,NA,NA,na,1,0,0,0,1,1,0,0,0,0,0,1,0,55.8,29.2,87.9,14.4,22.39,20.5,1,1.1,62,4,5.45,11.68807339,71,-12,1,1,0,0,10/25/19,10/5/20,3/5/20,NA,346,132,NA,,,,,
2048,4,0,0,70,1,NA,NA,NA,NA,NA,NA,NA,NA,NA,NA,NA,NA,NA,NA,6.76,1,0,0,0,1,0,0,0,1,1,0,0,0,59.6,41.5,357.4,16.1,19.41,32.9,2,1.1,65,6.2,8,10.3625,37,-13.5,1,2,1,2,12/13/19,12/2/20,7/30/20,7/30/20,355,230,230,,,,,
2078,4,0,0,85,2,NA,NA,NA,NA,NA,NA,NA,NA,NA,NA,NA,NA,NA,NA,na,1,0,1,0,1,1,0,1,1,0,0,0,0,38.7,34.4,328.7,295.5,23.3,28.6,2,1.2,58,4.1,3.25,12.92307692,76,-14.7,0,0,0,0,9/23/20,10/1/21,NA,NA,373,NA,NA,,,,,
2093,4,0,0,83,1,NA,NA,NA,NA,NA,NA,NA,NA,NA,NA,NA,NA,NA,NA,18.99,1,0,0,0,1,1,0,0,0,1,0,1,0,66.2,NA,NA,NA,NA,NA,NA,NA,NA,NA,NA,NA,NA,NA,1,1,0,0,12/9/20,12/3/21,7/26/21,NA,359,229,NA,,,,,
1047,5,0,0,85,1,NA,NA,NA,NA,NA,NA,NA,NA,NA,NA,NA,NA,NA,NA,30.74,1,0,0,0,1,1,0,0,1,0,0,1,0,51,34.1,174.3,18.4,36.37,31.6,2,1.3,52,4,4.45,10.11235955,61,-10.4,0,0,0,0,2/27/20,6/21/21,NA,NA,480,NA,NA,,,,,
1064,5,0,0,80,1,NA,NA,NA,NA,NA,NA,NA,NA,NA,NA,NA,NA,NA,NA,82.51,1,0,0,0,1,0,0,0,0,0,0,0,0,56.2,726.2,3661.7,14.3,30.47,19.7,1,1.4,61,4.2,10.55,9.194312796,161,-14.9,1,2,1,1,8/25/20,8/23/21,1/26/21,1/26/21,363,154,154,,,,,
1083,5,0,0,92,2,DNMT3A; NP_072046.2:p.Gly332Arg,NA,NA,NA,NA,NA,NA,0.0632,NA,NA,NA,NA,NA,NA,na,1,1,0,1,1,1,0,1,0,1,0,0,0,84.9,103.9,191.2,17.1,17.97,28,1,1.6,67,6,2.75,35.63636364,73,-19.5,0,0,0,0,11/12/20,11/11/21,NA,NA,364,NA,NA,,,,,
1155,5,0,0,81,1,DNMT3A; NP_072046.2:p.Arg635Trp,TET2; NP_001120680.1:p.His1380Tyr,NA,NA,NA,NA,NA,0.039,0.0123,NA,NA,NA,NA,NA,3.82,1,0,0,0,1,1,0,1,0,0,0,1,0,71.7,NA,NA,NA,NA,NA,NA,1.1,29,1.9,2.85,13.33333333,73,NA,0,0,0,0,9/29/21,3/28/22,NA,NA,180,NA,NA,,,,,
1156,5,0,0,99,2,NA,NA,NA,NA,NA,NA,NA,NA,NA,NA,NA,NA,NA,NA,na,1,0,0,0,1,1,0,0,0,1,0,0,0,42.3,NA,NA,NA,NA,NA,NA,1,60,3.7,2.04,23.03921569,47,NA,0,0,0,0,10/7/21,4/7/22,NA,NA,182,NA,NA,,,,,
2064,5,0,0,77,1,DNMT3A; NP_072046.2:p.Lys826Arg,DNMT3A; NP_072046.2:p.Ala910Val,NA,NA,NA,NA,NA,0.0114,0.0056,NA,NA,NA,NA,NA,3,1,0,0,0,1,1,0,0,1,0,1,1,0,23,101.2,640,16.8,31.87,35.7,2,1.7,64,6.4,5.6,12.94642857,123,-19.7,0,0,0,0,2/18/20,8/11/20,NA,NA,175,NA,NA,,,,,
2069,5,0,0,79,2,DNMT3A; NP_072046.2:p.Asn797Asp,NP_072046.2:p.Arg882Cys,NA,NA,NA,NA,NA,0.0323,0.0068,NA,NA,NA,NA,NA,na,1,0,0,0,1,0,0,0,1,0,0,0,1,28.8,40.7,248.9,12.7,12.7,41.6,2,1.9,67,3.3,3.85,NA,77,-17.3,0,0,0,0,2/28/20,2/9/21,NA,NA,347,NA,NA,,,,,
2112,5,0,0,85,1,NA,NA,NA,NA,NA,NA,NA,NA,NA,NA,NA,NA,NA,NA,-1.3,1,0,1,0,1,1,0,0,0,0,0,1,0,65.2,NA,NA,NA,NA,NA,NA,1.6,63,4,6.8,15.73529412,77,-10.4,0,0,0,0,3/17/21,9/28/21,NA,NA,195,NA,NA,,,,,
2117,5,0,0,84,1,DNMT3A; NP_072046.2:p.Cys562Tyr,NA,NA,NA,NA,NA,NA,0.0232,NA,NA,NA,NA,NA,NA,9.42,1,0,0,0,1,0,0,0,1,0,1,1,0,43.4,NA,NA,NA,NA,NA,NA,1.5,69,4,NA,NA,78,-15,0,0,0,0,3/30/21,10/1/21,NA,NA,185,NA,NA,,,,,
2130,5,0,0,72,1,NA,NA,NA,NA,NA,NA,NA,NA,NA,NA,NA,NA,NA,NA,na,1,0,0,0,1,1,0,0,0,0,0,0,0,87,NA,NA,NA,NA,NA,NA,1.4,60,6,8.75,9.828571429,91,-18.2,0,0,0,0,6/4/21,12/3/21,NA,NA,182,NA,NA,,,,,
2155,5,0,0,91,2,NA,NA,NA,NA,NA,NA,NA,NA,NA,NA,NA,NA,NA,NA,na,1,0,0,1,1,1,0,0,0,1,0,1,0,15.3,NA,NA,NA,NA,NA,NA,1.3,63,3.7,6.6,13.93939394,82,NA,0,0,0,0,12/7/21,NA,NA,NA,NA,NA,NA,,,,,
1070,6,0,0,71,2,NA,NA,NA,NA,NA,NA,NA,NA,NA,NA,NA,NA,NA,NA,na,1,0,0,0,0,0,0,1,0,1,1,0,0,98.2,33,171.5,3.8,7.5,11.6,0,1.3,54,3.3,6.25,12.8,66,-15.6,0,0,0,0,9/17/20,9/20/21,NA,NA,368,NA,NA,,,,,
1087,6,0,0,64,1,NA,NA,NA,NA,NA,NA,NA,NA,NA,NA,NA,NA,NA,NA,-1.69,1,0,0,0,1,1,0,0,0,0,0,1,1,97.8,516.1,663.1,15,16.29,19.1,0,1.3,34,2.2,5.55,15.13513514,73,-4.6,0,0,0,0,11/25/20,2/25/21,NA,NA,92,NA,NA,,,,,
1099,6,0,0,65,2,NA,NA,NA,NA,NA,NA,NA,NA,NA,NA,NA,NA,NA,NA,na,1,0,1,0,1,0,0,0,1,0,0,0,0,25.5,NA,NA,NA,NA,NA,NA,1.6,61,4.7,6.7,9.701492537,123,-13.1,0,0,0,0,2/23/21,2/23/22,NA,NA,365,NA,NA,,,,,
1159,6,0,0,85,1,DNMT3A; NP_072046.2:p.Tyr724Cys,NA,NA,NA,NA,NA,NA,0.005,NA,NA,NA,NA,NA,NA,3.64,1,0,0,0,1,0,0,0,1,0,0,0,0,50,NA,NA,NA,NA,NA,NA,1.2,56,4.3,4.65,12.25806452,46,NA,1,1,0,0,10/14/21,4/18/22,11/24/21,NA,186,41,NA,,,,,
2021,6,0,0,65,2,NA,NA,NA,NA,NA,NA,NA,NA,NA,NA,NA,NA,NA,NA,na,1,0,0,0,1,1,0,0,0,0,0,1,1,74.3,118.4,470.6,10.6,9.87,24.3,1,1,33,4.9,9.2,12.17391304,86,-10.3,1,1,0,0,9/24/19,9/4/20,7/3/20,NA,346,283,NA,,,,,
2041,6,0,0,77,1,TP53; NP_000537.3:p.Arg283Pro,NA,NA,NA,NA,NA,NA,0.005,NA,NA,NA,NA,NA,NA,1.76,1,0,0,1,1,1,1,1,1,1,1,1,0,39.6,330.4,3733.1,22.2,42.94,24.5,1,1.1,40,4.5,4.2,22.69047619,96,-6.3,1,3,1,3,11/20/19,10/27/20,2/26/20,2/26/20,342,98,98,,,,,
2047,6,0,0,64,1,NA,NA,NA,NA,NA,NA,NA,NA,NA,NA,NA,NA,NA,NA,6.39,1,0,1,0,1,1,1,0,1,1,0,1,0,37.2,127.2,726.1,60.5,73.4,24,1,1.2,67,4.7,11.15,11.70403587,91,-10.5,1,2,1,2,12/11/19,11/11/20,6/22/20,6/22/20,336,194,194,,,,,
2080,6,0,0,70,2,NA,NA,NA,NA,NA,NA,NA,NA,NA,NA,NA,NA,NA,NA,na,1,0,0,0,1,1,0,1,1,0,0,1,0,53.8,78.9,215.5,12.5,19.19,25.4,1,1.1,69,7,5.65,26.01769912,74,-15.9,1,1,0,0,10/7/20,10/1/21,6/13/21,NA,359,249,NA,,,,,
2092,6,0,0,87,1,GNB1; NP_002065.1:p.Lys57Glu,NA,NA,NA,NA,NA,NA,0.0474,NA,NA,NA,NA,NA,NA,2.64,0,1,0,0,1,1,0,0,1,0,1,1,0,35.4,NA,NA,NA,NA,NA,NA,1.4,69,7,5.8,17.4137931,67,-15.5,1,2,1,1,12/8/20,12/3/21,2/4/21,4/22/21,360,58,135,,,,,
2119,6,0,0,63,2,NA,NA,NA,NA,NA,NA,NA,NA,NA,NA,NA,NA,NA,NA,na,1,0,1,1,1,0,0,0,0,0,0,1,0,81.7,NA,NA,NA,NA,NA,NA,1.2,65,3.3,7.1,16.61971831,55,-12.9,0,0,0,0,4/14/21,10/1/21,NA,NA,170,NA,NA,,,,,
2127,6,0,0,66,2,NA,NA,NA,NA,NA,NA,NA,NA,NA,NA,NA,NA,NA,NA,na,1,0,0,0,1,1,0,0,1,0,0,1,0,27.9,NA,NA,NA,NA,NA,NA,1.5,71,5.6,4.8,14.375,61,-16.7,0,0,0,0,5/26/21,11/12/21,NA,NA,170,NA,NA,,,,,
1002,7,0,0,80,1,NA,NA,NA,NA,NA,NA,NA,NA,NA,NA,NA,NA,NA,NA,23.31,0,1,0,0,1,1,0,0,0,0,0,0,0,60,717.7,3304.3,22.5,36.66,26.3,1,1,58.7,7.6,6.85,17.59124088,126.8,-5.2,0,0,0,0,7/26/19,9/24/19,NA,NA,60,NA,NA,,,,,
1003,7,0,0,82,1,NA,NA,NA,NA,NA,NA,NA,NA,NA,NA,NA,NA,NA,NA,-0.12,0,1,1,0,1,1,0,0,0,0,0,1,0,104.3,140,977,12.2,19.81,24.1,1,1,58,3.6,7.5,13.50666667,94.1,-13.4,0,0,0,0,7/29/19,7/29/20,NA,NA,366,NA,NA,,,,,
1007,7,0,0,82,1,NA,NA,NA,NA,NA,NA,NA,NA,NA,NA,NA,NA,NA,NA,-1.36,0,1,0,1,1,1,0,0,0,0,0,0,0,46.5,54.4,131,8.2,14.85,24.9,1,1.1,72,4,7.75,11.53548387,53.3,-25.9,0,0,0,0,9/9/19,9/9/20,NA,NA,366,NA,NA,,,,,
1008,7,0,0,78,1,NA,NA,NA,NA,NA,NA,NA,NA,NA,NA,NA,NA,NA,NA,-3.17,0,1,1,1,1,1,0,0,0,1,0,1,1,94.8,850.8,2406.3,932.6,53.18,15.7,0,0.93,38,7.4,3.4,14.79411765,78,-6.5,0,0,0,0,9/13/19,9/14/20,NA,NA,367,NA,NA,,,,,
1010,7,0,0,70,1,NA,NA,NA,NA,NA,NA,NA,NA,NA,NA,NA,NA,NA,NA,-4.01,1,0,0,0,1,0,0,0,0,0,0,0,0,51.6,125.4,193.3,27.6,20.78,24.4,1,1.3,54,4.4,3.85,28.15584416,220.2,-9.8,0,0,0,0,9/20/19,10/2/20,NA,NA,378,NA,NA,,,,,
1012,7,0,0,73,1,NA,NA,NA,NA,NA,NA,NA,NA,NA,NA,NA,NA,NA,NA,-2.38,0,1,0,1,1,1,0,0,0,0,0,0,1,67.7,71.2,175.7,4.7,7.6,13.9,0,1,42,3.1,8.9,7.943820225,70,-19.6,0,0,0,0,9/24/19,9/25/20,NA,NA,367,NA,NA,,,,,
1014,7,0,0,67,1,NA,NA,NA,NA,NA,NA,NA,NA,NA,NA,NA,NA,NA,NA,-1.64,0,1,0,1,1,1,0,1,1,0,0,1,0,34.6,406.5,4083.6,11.5,23.11,29,2,1.1,32,4.7,3.75,13.84,98,-11,0,0,0,0,10/1/19,10/2/20,NA,NA,367,NA,NA,,,,,
1016,7,0,0,67,1,DNMT3A; NP_072046.2:p.Ser770Leu,NA,NA,NA,NA,NA,NA,0.0055,NA,NA,NA,NA,NA,NA,-20.88,1,0,0,1,1,1,0,1,0,0,0,0,0,57.3,34.5,134.7,2.2,5.83,17.8,0,1.1,65,5.4,7.7,10.37662338,50,-21.9,0,0,0,0,10/17/19,10/19/20,NA,NA,368,NA,NA,,,,,
1018,7,0,0,60,1,NA,NA,NA,NA,NA,NA,NA,NA,NA,NA,NA,NA,NA,NA,20.11,1,0,1,0,1,1,0,1,0,0,0,1,0,57.3,25.3,187.3,4.6,6.79,24.5,1,1.1,61,3.9,6.45,13.76744186,74,-14.7,0,0,0,0,10/23/19,10/23/20,NA,NA,366,NA,NA,,,,,
1019,7,0,0,69,1,NA,NA,NA,NA,NA,NA,NA,NA,NA,NA,NA,NA,NA,NA,-0.77,1,0,0,0,1,1,0,0,0,0,0,1,0,75.4,1690.6,4515.5,35.3,27.69,12.3,0,1.4,30,3.7,4.9,18.75510204,113,-4,0,0,0,0,11/12/19,11/12/20,NA,NA,366,NA,NA,,,,,
1020,7,0,0,92,1,NA,NA,NA,NA,NA,NA,NA,NA,NA,NA,NA,NA,NA,NA,0.05,0,1,0,0,1,1,0,0,0,0,0,0,0,75.9,81.2,222.8,11.7,15.77,17.7,0,1.2,66,3.9,4.15,17.37349398,67,-22.8,0,0,0,0,11/21/19,5/6/20,NA,NA,167,NA,NA,,,,,
1021,7,0,0,74,1,NA,NA,NA,NA,NA,NA,NA,NA,NA,NA,NA,NA,NA,NA,-1.34,0,1,1,0,0,1,0,0,0,0,1,0,0,57.4,51.8,482.6,11,14.52,29.9,2,1.1,45,5.9,11.35,12.80176211,223.9,NA,1,1,1,1,11/26/19,12/7/20,3/9/20,3/9/20,377,104,104,,,,,
1022,7,0,0,74,1,"DNMT3A; NP_072046,2:p.Met880Val",NA,NA,NA,NA,NA,NA,0.0061,NA,NA,NA,NA,NA,NA,-0.36,0,1,0,0,1,1,0,0,0,0,1,0,0,61.4,49.6,193.9,4.1,7.04,11.4,0,1.1,68,4,4.95,8.282828283,53,-15.6,1,1,1,1,11/26/19,12/7/20,3/16/20,3/16/20,377,111,111,,,,,
1023,7,0,0,64,1,NA,NA,NA,NA,NA,NA,NA,NA,NA,NA,NA,NA,NA,NA,-0.43,0,1,1,0,1,1,0,0,0,0,0,1,0,113.4,11.2,46.3,2.8,15.79,16.3,0,1,54,5,6.75,9.644444444,70,-9.6,0,0,0,0,11/27/19,12/7/20,NA,NA,376,NA,NA,,,,,
1025,7,0,0,61,1,NA,NA,NA,NA,NA,NA,NA,NA,NA,NA,NA,NA,NA,NA,-0.92,0,1,0,0,1,1,0,0,0,0,0,0,0,48.6,870.1,4657.7,62.4,65.92,18.1,0,1.4,57,5.8,4.95,14.98989899,64,-9.4,0,0,0,0,12/12/19,12/18/20,NA,NA,372,NA,NA,,,,,
1028,7,0,0,64,1,NA,NA,NA,NA,NA,NA,NA,NA,NA,NA,NA,NA,NA,NA,100,1,0,1,0,1,1,0,1,0,0,0,1,0,80.2,325.5,818.7,12,18.76,16.7,0,1.3,59,2.8,8,11.1375,116,-16.8,0,0,0,0,1/9/20,1/19/21,NA,NA,376,NA,NA,,,,,
1029,7,0,0,75,1,NA,NA,NA,NA,NA,NA,NA,NA,NA,NA,NA,NA,NA,NA,18.13,1,0,0,0,1,0,0,0,0,0,0,1,0,102.3,826.8,4045.8,7.2,62.83,51.5,2,1.1,16,3.1,2.5,28.4,88,-6,1,1,0,0,1/15/20,1/15/21,7/31/20,NA,366,198,NA,,,,,
1031,7,0,0,63,1,NA,NA,NA,NA,NA,NA,NA,NA,NA,NA,NA,NA,NA,NA,0.82,0,1,0,0,1,1,0,0,0,0,0,1,0,103.4,18.9,40,4.3,7.4,19.2,0,1.1,60,4.5,7.2,13.41666667,65,-15,1,1,1,1,1/22/20,1/22/21,11/20/20,11/20/20,366,303,303,,,,,
1034,7,0,0,60,1,TET2; NP_060098.3:p.Gln916Ter,NA,NA,NA,NA,NA,NA,0.0053,NA,NA,NA,NA,NA,NA,-1.96,1,0,1,1,1,1,0,0,0,0,0,1,0,68.7,43.3,156,10,19.16,19.8,1,1.6,57,2.8,5.65,5.840707965,60,-7,0,0,0,0,1/28/20,1/27/21,NA,NA,365,NA,NA,,,,,
1036,7,0,0,60,1,NA,NA,NA,NA,NA,NA,NA,NA,NA,NA,NA,NA,NA,NA,-1.7,0,1,1,0,1,1,0,0,0,0,0,1,0,76,360,2617.1,40.8,27.91,15,0,1.2,28,4.3,3.5,34.85714286,172,-4.4,0,0,0,0,1/30/20,1/29/21,NA,NA,365,NA,NA,,,,,
1037,7,0,0,64,1,CBL; NP_005179.2:p.Arg420Ter,"TP53; NP_000537,3:p.Met246Val",NA,NA,NA,NA,NA,0.0053,0.0062,NA,NA,NA,NA,NA,-2.85,1,0,1,1,1,1,0,1,1,0,0,1,0,21.6,141.9,598.9,85,73.92,32.3,2,1.2,32,4.7,4.3,18.11627907,98,-6.2,1,2,0,0,1/31/20,2/1/21,4/5/20,NA,367,65,NA,,,,,
1039,7,0,0,68,1,CHEK2; NP_009125.1:p.Ala392Ser,NA,NA,NA,NA,NA,NA,0.0052,NA,NA,NA,NA,NA,NA,0.65,1,0,1,0,1,1,0,1,1,1,0,1,0,65.8,234.7,927.9,250.9,44.8,27.5,1,1,33,1.9,5.75,20,125,-5.2,1,1,1,1,2/6/20,2/9/21,7/14/20,7/14/20,369,159,159,,,,,
1041,7,0,0,77,1,TP53; NP_000537.3:p.Glu286Gln,TP53; NM_000546.5:c.672+2T>C,NA,NA,NA,NA,NA,0.0774,0.0101,NA,NA,NA,NA,NA,-1.59,0,1,1,1,1,1,0,0,1,0,0,1,0,14.1,680.7,11141.8,28.4,34.45,54,2,1.3,51,2.5,5,19.6,115,-5.2,1,5,1,3,2/13/20,2/12/21,9/3/20,9/3/20,365,203,203,,,,,
1043,7,0,0,69,1,NA,NA,NA,NA,NA,NA,NA,NA,NA,NA,NA,NA,NA,NA,-0.06,0,1,1,0,1,0,0,0,0,0,0,1,0,90.4,176.9,908.2,2.9,13.85,14.2,0,1.1,60,4.1,5.6,18.75,94,-10,0,0,0,0,2/18/20,2/22/21,NA,NA,370,NA,NA,,,,,
1048,7,0,0,81,1,DNMT3A; NP_072046.2:p.Gly543Cys,SF3B1; NP_036565.2:p.Glu622Asp,SRSF2; NP_003007.2:p.Pro95His,SF3B1; NP_036565.2:p.Lys700Glu,TP53; NP_000537.3:p.Ala159Asp,SF3B1; NP_036565.2:p.Arg625Leu,NA,0.4451,0.3634,0.0232,0.0206,0.0139,0.0103,NA,1.44,0,1,0,0,1,1,0,0,1,0,1,1,0,34,196,920,12.3,29.19,19.4,0,1.5,62,5.8,8.15,7.73006135,93,-15.4,1,2,1,1,2/28/20,2/25/21,8/14/20,8/14/20,363,168,168,,,,,
1051,7,0,0,63,1,NA,NA,NA,NA,NA,NA,NA,NA,NA,NA,NA,NA,NA,NA,0.65,1,0,0,0,1,1,0,0,0,0,0,0,0,57.2,10,99.7,10,15.66,23.1,1,1.5,65,4,5.35,11.86915888,58,-15.4,0,0,0,0,3/5/20,3/4/21,NA,NA,364,NA,NA,,,,,
1053,7,0,0,63,1,TP53; NP_000537NA3:pNAMet237Lys,NA,NA,NA,NA,NA,NA,0.0053,NA,NA,NA,NA,NA,NA,-0.71,1,0,0,0,1,1,0,0,0,0,0,0,0,81,13.5,56.5,8,11.32,16.8,0,1.3,63,6.4,6.2,11.20967742,92,-16.4,0,0,0,0,7/7/20,7/7/21,NA,NA,365,NA,NA,,,,,
1055,7,0,0,77,1,NA,NA,NA,NA,NA,NA,NA,NA,NA,NA,NA,NA,NA,NA,14.18,1,1,1,1,1,1,0,1,0,1,0,0,1,76.2,1007.8,3223.1,27.4,25.09,16.3,0,1.2,31,3.1,5,21,164,-5.1,1,2,1,2,7/14/20,7/12/21,7/15/20,7/15/20,363,1,1,,,,,
1056,7,0,0,60,1,NA,NA,NA,NA,NA,NA,NA,NA,NA,NA,NA,NA,NA,NA,2.47,1,0,0,0,1,1,1,1,1,1,0,1,0,73.3,10,14.9,1.2,4.26,24.6,1,1,50,5,8.2,5.073170732,45,-12.5,0,0,0,0,7/20/20,7/22/21,NA,NA,367,NA,NA,,,,,
1059,7,0,0,68,1,NA,NA,NA,NA,NA,NA,NA,NA,NA,NA,NA,NA,NA,NA,-0.57,1,1,1,0,1,0,0,0,0,0,0,0,0,76.6,125.9,876.9,52,16.83,22.1,1,1.2,38,NA,2.4,36.79166667,125,-5.6,0,0,0,0,8/4/20,8/4/21,NA,NA,365,NA,NA,,,,,
1061,7,0,0,61,1,NA,NA,NA,NA,NA,NA,NA,NA,NA,NA,NA,NA,NA,NA,-2.72,1,0,0,0,1,1,0,0,0,0,0,0,0,77.4,11.1,85.5,21.8,10.89,15.1,0,1.4,54,6.8,4.8,13.27083333,79,-12.1,0,0,0,0,8/11/20,8/9/21,NA,NA,363,NA,NA,,,,,
1063,7,0,0,75,1,"TP53; NP_000537.3:p,Arg249Ser",NA,NA,NA,NA,NA,NA,0.0063,NA,NA,NA,NA,NA,NA,-3.04,1,1,0,1,1,0,0,0,0,0,0,1,0,43.6,234.9,620.2,177.5,95.93,43.2,2,1.5,42,5,4.35,18.16091954,144,-8.4,0,0,0,0,8/18/20,8/23/21,NA,NA,370,NA,NA,,,,,
1066,7,0,0,76,1,NA,NA,NA,NA,NA,NA,NA,NA,NA,NA,NA,NA,NA,NA,13.09,1,0,0,0,1,1,0,0,0,0,0,1,0,69.2,75.5,447.5,2.4,16.02,18.6,0,1.1,61,4,9,10,98,-12.9,0,0,0,0,9/1/20,9/8/21,NA,NA,372,NA,NA,,,,,
1067,7,0,0,73,1,NA,NA,NA,NA,NA,NA,NA,NA,NA,NA,NA,NA,NA,NA,1.42,0,1,0,1,1,1,0,1,0,0,0,1,0,56.1,220.9,1090.2,14.4,18.05,17.7,0,1.5,55,2.3,5.1,12.15686275,88,-8.3,0,0,0,0,9/3/20,9/8/21,NA,NA,370,NA,NA,,,,,
1068,7,0,0,61,1,NA,NA,NA,NA,NA,NA,NA,NA,NA,NA,NA,NA,NA,NA,-3.55,1,0,0,0,1,0,0,0,0,0,0,1,0,76,105.7,480.9,13.1,30.91,20.5,1,1.5,50,6.6,3.2,17.5,106,NA,0,0,0,0,9/8/20,9/7/21,NA,NA,364,NA,NA,,,,,
1069,7,0,0,60,1,DNMT3A; NP_072046.2:p.Trp795Cys,NA,NA,NA,NA,NA,NA,0.0055,NA,NA,NA,NA,NA,NA,1.37,1,1,0,0,1,1,0,0,0,1,0,1,0,38.5,41.1,199.4,14.9,24.19,32.4,2,1.4,68,6,5.65,9.557522124,68,-13.7,1,1,0,0,9/11/20,3/10/21,1/11/21,NA,180,122,NA,,,,,
1074,7,0,0,62,1,NA,NA,NA,NA,NA,NA,NA,NA,NA,NA,NA,NA,NA,NA,0.76,1,0,0,1,1,1,1,0,0,0,0,1,0,57.5,32.7,434.9,15.1,27,38.3,2,1.5,59,9.8,4.75,17.47368421,111,-11.6,1,1,0,0,10/6/20,10/6/21,5/22/21,NA,365,228,NA,,,,,
1085,7,0,0,60,1,NA,NA,NA,NA,NA,NA,NA,NA,NA,NA,NA,NA,NA,NA,1.28,1,0,0,0,1,1,0,1,1,0,0,1,0,54,76.3,162.7,19.2,21.83,20.7,1,1.5,51,7,3.55,14.64788732,63,-9.1,1,2,1,2,11/17/20,11/24/21,4/14/21,4/14/21,372,148,148,,,,,
1090,7,0,0,72,1,DNMT3A; NP_072046.2:p.Arg635Trp,NA,NA,NA,NA,NA,NA,0.0085,NA,NA,NA,NA,NA,NA,12.29,1,1,0,0,1,1,0,0,1,0,0,0,0,77.9,13.4,98.7,152.3,24.54,14.3,0,1.2,56,4,5.8,6.896551724,71,-12.3,0,0,0,0,1/6/21,1/11/22,NA,NA,370,NA,NA,,,,,
2002,7,0,0,63,1,PPM1D; NP_003611.1:p.Arg552Ter,PPM1D; NP_003611.1: p.Cys478Ter,NA,NA,NA,NA,NA,0.0285,0.0158,NA,NA,NA,NA,NA,-4.22,1,0,1,1,1,0,0,0,1,1,0,1,1,36.6,249.9,1606.7,7.6,17.06,2.5,0,1.4,51,5.2,5.55,13.27927928,83.8,-12.6,0,0,0,0,5/21/19,6/9/20,NA,NA,385,NA,NA,,,,,
2004,7,0,0,71,1,TET2; NP_001120680.1:p.Glu1178Ter,NA,NA,NA,NA,NA,NA,0.0068,NA,NA,NA,NA,NA,NA,2.9,1,0,0,1,1,1,0,0,1,0,0,1,0,22.2,32.8,362.9,12.9,153.5,54.9,2,1.1,48,5.4,6.05,15.02479339,73.9,-12.4,1,1,0,0,6/3/19,6/9/20,5/14/20,NA,372,346,NA,,,,,
2005,7,0,0,65,1,DNMT3A: NP_072046.2:p.Trp581Arg,NA,NA,NA,NA,NA,NA,0.0174,NA,NA,NA,NA,NA,NA,11.8,1,0,0,0,1,1,1,0,1,0,0,0,0,46.7,10,77.3,6.1,22.17,22,1,1.1,53,5,8.3,6.674698795,37.9,-15.8,0,0,0,0,7/1/19,6/15/20,NA,NA,350,NA,NA,,,,,
2009,7,0,0,79,1,NA,NA,NA,NA,NA,NA,NA,NA,NA,NA,NA,NA,NA,NA,-0.18,1,0,0,1,1,0,1,0,1,1,1,1,0,56.8,92.9,351.3,7.3,17.22,27.4,1,1,59.2,5.04,5.3,11.28301887,113.7,-8.98,0,0,0,0,8/1/19,7/10/20,NA,NA,344,NA,NA,,,,,
2012,7,0,0,60,1,NA,NA,NA,NA,NA,NA,NA,NA,NA,NA,NA,NA,NA,NA,2.17,1,0,1,0,1,1,0,0,1,1,0,1,0,61.6,142.8,446.1,1.6,7.23,21.1,1,1,53,4.4,12.95,8.262548263,93.3,-8.8,0,0,0,0,8/13/19,7/22/20,NA,NA,344,NA,NA,,,,,
2015,7,0,0,69,1,NA,NA,NA,NA,NA,NA,NA,NA,NA,NA,NA,NA,NA,NA,-0.66,1,0,0,0,1,1,0,0,0,0,0,1,0,66.3,25.3,73.5,8.3,9.5,17.7,0,1.2,60,5.2,6.8,13.86764706,87.3,-11.3,0,0,0,0,8/27/19,8/6/20,NA,NA,345,NA,NA,,,,,
2016,7,0,0,90,1,NA,NA,NA,NA,NA,NA,NA,NA,NA,NA,NA,NA,NA,NA,8.49,1,0,1,0,1,0,0,0,1,0,1,0,0,32.5,238.9,493.6,15.7,30.62,23.3,1,1.2,51,5.8,5.5,19.21818182,95.4,-17.3,0,0,0,0,8/14/19,8/11/20,NA,NA,363,NA,NA,,,,,
2017,7,0,0,67,1,NA,NA,NA,NA,NA,NA,NA,NA,NA,NA,NA,NA,NA,NA,2.67,1,0,0,0,1,1,1,1,1,0,0,0,0,50,31.9,464,26.4,27.65,36.1,2,1.1,71,5,4.4,15.13636364,67,-15.8,0,0,0,0,9/4/19,8/6/20,NA,NA,337,NA,NA,,,,,
2019,7,0,0,61,1,NA,NA,NA,NA,NA,NA,NA,NA,NA,NA,NA,NA,NA,NA,4.06,1,0,0,0,1,0,0,0,0,1,0,1,1,56.3,50.3,216.4,9.5,19.27,19,0,1.2,47,5.5,6.85,11.67883212,76.9,-12.6,0,0,0,0,9/18/19,8/21/20,NA,NA,338,NA,NA,,,,,
2020,7,0,0,79,1,TET2; NP_001120680.1:p.Ser1284Phe,PPM1D; NP_003611.1:p.Cys478Ter,NA,NA,NA,NA,NA,0.0999,0.0826,NA,NA,NA,NA,NA,2.43,1,0,0,0,1,0,0,0,1,0,1,0,0,72.1,34.4,194.1,11.5,14.08,18.3,0,1.1,53,6.6,7.1,8.661971831,109,-12.8,0,0,0,0,9/20/19,8/21/20,NA,NA,336,NA,NA,,,,,
2022,7,0,0,64,1,DNMT3A; NP_072046.2:p.Trp297Ter,NA,NA,NA,NA,NA,NA,0.0076,NA,NA,NA,NA,NA,NA,-2.9,1,0,0,0,1,0,0,0,1,0,1,0,0,49.4,202.1,1272.3,8.9,15.83,9.4,0,1,53,4.5,14,9.335714286,65,-15.7,1,1,0,0,9/25/19,9/4/20,3/14/20,NA,345,171,NA,,,,,
2026,7,0,0,63,1,NA,NA,NA,NA,NA,NA,NA,NA,NA,NA,NA,NA,NA,NA,-1.92,1,0,0,1,1,1,0,0,1,0,1,1,0,47.2,10,54.5,8.7,32.5,23.6,1,0.99,61,7,9.4,11.74468085,83,-24.1,0,0,0,0,10/8/19,10/5/20,NA,NA,363,NA,NA,,,,,
2027,7,0,0,61,1,NA,NA,NA,NA,NA,NA,NA,NA,NA,NA,NA,NA,NA,NA,7.87,1,0,0,0,1,0,0,0,1,0,1,1,0,31.1,327.9,3024.7,17.9,23.78,18.7,0,0.98,31,3.5,5.35,8.317757009,81,-9.3,0,0,0,0,10/9/19,10/13/20,NA,NA,370,NA,NA,,,,,
2029,7,0,0,60,1,DNMT3A; NP_072046.2:p.Arg326His,NA,NA,NA,NA,NA,NA,0.0397,NA,NA,NA,NA,NA,NA,2.59,1,0,0,0,0,1,0,0,1,0,0,0,0,53.3,70.5,433.8,11.5,13.14,14.7,0,0.78,20,6.4,5.3,8.150943396,71,-7.5,1,1,1,1,10/15/19,10/5/20,2/17/20,2/17/20,356,125,125,,,,,
2030,7,0,0,66,1,NA,NA,NA,NA,NA,NA,NA,NA,NA,NA,NA,NA,NA,NA,-2.8,1,0,0,0,1,0,0,0,0,0,1,0,1,80.2,63,441,653.3,35.66,13.6,0,1,35,6.4,3.7,8.648648649,132,-6.9,0,0,0,0,10/18/19,10/5/20,NA,NA,353,NA,NA,,,,,
2033,7,0,0,77,1,CHEK2; NP_009125.1:p.Arg346Cys,NA,NA,NA,NA,NA,NA,0.0343,NA,NA,NA,NA,NA,NA,3.32,1,0,0,0,1,0,0,0,1,0,1,0,1,26.6,453.2,3895.2,51.8,67.5,42.9,2,1.3,45,7.6,5.75,15.84347826,75,-10.7,1,4,1,3,10/29/19,10/5/20,7/22/20,8/27/20,342,267,303,,,,,
2036,7,0,0,67,1,NA,NA,NA,NA,NA,NA,NA,NA,NA,NA,NA,NA,NA,NA,0.55,1,0,1,0,1,1,0,0,1,0,0,1,1,21,37.9,1227.8,37.5,88.74,41.8,2,1.1,52,7.8,6.35,13.7480315,76,-14.3,1,3,1,1,11/6/19,10/15/20,12/5/19,8/23/20,344,29,291,,,,,
2037,7,0,0,75,1,NA,NA,NA,NA,NA,NA,NA,NA,NA,NA,NA,NA,NA,NA,-2.81,1,0,1,0,1,1,0,0,1,0,0,0,0,18.5,77.6,815.3,7.2,63.76,80.7,2,1.3,47,5.7,11.15,9.784753363,113,NA,0,0,0,0,11/8/19,10/15/20,NA,NA,342,NA,NA,,,,,
2039,7,0,0,62,1,NA,NA,NA,NA,NA,NA,NA,NA,NA,NA,NA,NA,NA,NA,4.54,1,0,1,0,1,1,1,0,1,0,0,0,0,34.8,182.7,3333.4,10.9,21.59,44.7,2,1.6,45,5.8,10.3,9.27184466,180,-6.7,1,2,1,2,11/13/19,10/15/20,1/13/20,1/13/20,337,61,61,,,,,
2040,7,0,0,76,1,PPM1D; NP_003611NA1:pNAAsn512IlefsTer2,NA,NA,NA,NA,NA,NA,0.0055,NA,NA,NA,NA,NA,NA,2.9,1,0,1,1,1,1,1,0,0,0,0,0,0,43.2,262.1,1166,4.3,14.43,30.9,2,1.1,57,2.8,9.65,13.02590674,194,-12.2,0,0,0,0,11/19/19,10/27/20,NA,NA,343,NA,NA,,,,,
2044,7,0,0,62,1,NA,NA,NA,NA,NA,NA,NA,NA,NA,NA,NA,NA,NA,NA,2.95,0,1,0,1,1,0,0,0,1,0,0,0,1,100.5,13.6,375.3,21.5,46.52,80.2,2,1.3,65,4.8,8.45,11.53846154,94,-14.1,0,0,0,0,12/4/19,11/11/20,NA,NA,343,NA,NA,,,,,
2049,7,0,0,63,1,NA,NA,NA,NA,NA,NA,NA,NA,NA,NA,NA,NA,NA,NA,4.01,1,0,0,1,1,1,0,0,0,0,0,0,1,68.2,14.5,94.3,2.6,6.54,28.3,2,0.97,65,4.8,7,8.114285714,40,-14.3,0,0,0,0,12/18/19,12/2/20,NA,NA,350,NA,NA,,,,,
2050,7,0,0,69,1,DNMT3A; NP_072046.2:p.Arg771Ter,NA,NA,NA,NA,NA,NA,0.091,NA,NA,NA,NA,NA,NA,4.33,1,0,0,1,1,0,1,1,1,0,0,1,0,38.7,69.3,181,10.2,22.1,23.4,1,1.3,59,7.4,3.95,10.55696203,78,-14.3,0,0,0,0,12/20/19,12/2/20,NA,NA,348,NA,NA,,,,,
2051,7,0,0,74,1,NA,NA,NA,NA,NA,NA,NA,NA,NA,NA,NA,NA,NA,NA,-0.06,0,1,1,1,1,0,0,0,0,1,0,1,0,100.1,95,122.6,2.5,16.07,16.1,0,1.2,57,3.8,7.6,12.78947368,77,-18.7,1,1,0,0,1/8/20,1/21/21,6/1/20,NA,379,145,NA,,,,,
2054,7,0,0,81,1,DNMT3A; NP_072046.2:p.Phe752Val,NA,NA,NA,NA,NA,NA,0.0064,NA,NA,NA,NA,NA,NA,100,0,1,1,0,1,1,0,0,1,0,0,1,0,62.9,417.8,2561.5,15.9,25.15,28.9,2,1.3,65,4,5.25,21.37142857,109,-19.7,1,4,1,3,1/22/20,2/17/21,4/17/20,6/22/20,392,86,152,,,,,
2057,7,0,0,79,1,DNMT3A; NP_072046.2:p.Arg729Gln,DNMT3A; NP_072046.2:p.Pro904Leu,NA,NA,NA,NA,NA,0.0173,0.0059,NA,NA,NA,NA,NA,2.42,1,0,0,0,1,1,0,0,1,0,0,1,0,38.1,149.6,2119.7,48.7,48.23,40.8,2,1.3,58,5.3,4.05,14.02469136,71,-13.2,0,0,0,0,1/31/20,7/23/20,NA,NA,174,NA,NA,,,,,
2060,7,0,0,63,1,NA,NA,NA,NA,NA,NA,NA,NA,NA,NA,NA,NA,NA,NA,6.13,1,0,1,0,1,0,0,0,0,0,0,0,1,77.7,85,355.9,9.5,22.34,21.1,1,1.8,63,3.3,10.4,7.807692308,174,-10.9,0,0,0,0,2/5/20,1/20/21,NA,NA,350,NA,NA,,,,,
2062,7,0,0,67,1,NA,NA,NA,NA,NA,NA,NA,NA,NA,NA,NA,NA,NA,NA,6.85,1,0,0,1,1,1,0,0,1,0,0,0,1,72.4,1558.4,6364.4,98.9,106.6,9.6,0,1.3,32,7.5,8.7,NA,85,-3.7,1,1,0,0,2/12/20,1/20/21,8/29/20,NA,343,199,NA,,,,,
2063,7,0,0,80,1,NA,NA,NA,NA,NA,NA,NA,NA,NA,NA,NA,NA,NA,NA,22.71,1,1,0,1,1,1,0,1,1,0,0,1,1,71.9,75,186.1,12.5,16.65,13.3,0,1.4,52,4.6,4.8,16.47916667,81,-12,0,0,0,0,2/14/20,2/18/21,NA,NA,370,NA,NA,,,,,
2068,7,0,0,60,1,NA,NA,NA,NA,NA,NA,NA,NA,NA,NA,NA,NA,NA,NA,3.41,1,0,0,0,1,0,0,0,0,0,0,0,1,52.4,377.3,3750.9,12.8,14.54,20.1,1,1.9,66,7.7,5.65,16.81415929,98,-17.2,0,0,0,0,2/26/20,2/9/21,NA,NA,349,NA,NA,,,,,
2070,7,0,0,77,1,TP53; NP_000537.3:p.Glu286Gly,NA,NA,NA,NA,NA,NA,0.0131,NA,NA,NA,NA,NA,NA,4.23,1,0,0,0,1,1,0,0,0,1,0,1,0,90.8,66.8,153.2,9.6,20.04,15.4,0,1.5,54,3.9,5.2,20.5,82,-10.3,1,2,1,1,3/4/20,2/9/21,11/1/20,1/10/21,342,242,312,,,,,
2071,7,0,0,66,1,NA,NA,NA,NA,NA,NA,NA,NA,NA,NA,NA,NA,NA,NA,-0.79,1,0,0,0,1,1,0,0,0,0,0,1,0,77.9,172.9,660.7,17.2,23.43,15.4,0,1.5,43,4.5,3.95,28.35443038,93,-14.3,1,1,1,1,3/6/20,2/9/21,4/19/20,4/19/20,340,44,44,,,,,
2072,7,0,0,68,1,NA,NA,NA,NA,NA,NA,NA,NA,NA,NA,NA,NA,NA,NA,3.22,1,0,0,0,1,0,0,0,0,0,0,1,0,68.2,147.5,613.3,24.5,25.61,28.6,2,1.5,60,4.5,4.8,14.41666667,132,-13.8,1,1,0,0,3/10/20,2/9/21,6/11/20,NA,336,93,NA,,,,,
2075,7,0,0,79,1,DNMT3A; NP_072046.2:p.Trp860Arg,NA,NA,NA,NA,NA,NA,0.0059,NA,NA,NA,NA,NA,NA,1.82,1,0,0,1,1,0,0,0,0,1,0,1,0,39,54.4,131.5,8.6,15.18,34.5,2,1.1,40,3.4,4.3,18.13953488,88,-12.1,0,0,0,0,9/8/20,9/28/21,NA,NA,385,NA,NA,,,,,
2076,7,0,0,60,1,NA,NA,NA,NA,NA,NA,NA,NA,NA,NA,NA,NA,NA,NA,1.43,1,0,0,1,1,1,0,0,1,0,0,1,0,64.7,46.3,246.8,164,58.25,19.5,0,1.4,57,5,4.4,14.77272727,62,-13.8,0,0,0,0,9/9/20,9/28/21,NA,NA,384,NA,NA,,,,,
2079,7,0,0,67,1,NA,NA,NA,NA,NA,NA,NA,NA,NA,NA,NA,NA,NA,NA,0.55,1,1,0,0,1,0,0,0,0,0,0,1,0,73.2,10,34.5,22,12.23,10.9,0,1.1,51,4.1,7.65,8.888888889,55,-13.2,0,0,0,0,9/29/20,10/1/21,NA,NA,367,NA,NA,,,,,
2085,7,0,0,66,1,DNMT3A; NP_072046.2:p.Ile780Thr,NA,NA,NA,NA,NA,NA,0.0098,NA,NA,NA,NA,NA,NA,4.1,1,0,0,0,1,1,0,0,0,1,1,0,1,76.9,61,224.4,7.4,15.91,14.5,0,1.3,60,10,8.7,11.14942529,81,-13.2,1,3,0,0,11/6/20,11/18/21,9/7/21,NA,377,305,NA,,,,,
2087,7,0,0,62,1,DNMT3A; NP_072046NA2:pNAArg882His,NA,NA,NA,NA,NA,NA,0.005,NA,NA,NA,NA,NA,NA,3.39,1,0,0,0,1,1,0,0,0,0,0,1,1,82,10,9.1,7.5,25.58,21.4,1,1.3,74,9,8.95,8.346368715,81,-12.3,1,1,1,1,11/20/20,12/3/21,2/13/21,2/13/21,378,85,85,,,,,
TTR2-104,2,0,1,83,1,NA,NA,NA,NA,NA,NA,NA,NA,NA,NA,NA,NA,NA,NA,2.69,NA,NA,NA,NA,NA,NA,NA,NA,NA,NA,NA,NA,NA,NA,NA,NA,NA,NA,NA,NA,NA,NA,NA,NA,NA,NA,NA,NA,NA,NA,NA,NA,NA,NA,NA,NA,NA,NA,NA,NA,NA,NA,NA
TTR2-017,2,0,1,75,1,NA,NA,NA,NA,NA,NA,NA,NA,NA,NA,NA,NA,NA,NA,0.27,NA,NA,NA,NA,NA,NA,NA,NA,NA,NA,NA,NA,NA,NA,NA,NA,NA,NA,NA,NA,NA,NA,NA,NA,NA,NA,NA,NA,NA,NA,NA,NA,NA,NA,NA,NA,NA,NA,NA,NA,NA,NA,NA
TTR2-099,2,0,1,81,1,NA,NA,NA,NA,NA,NA,NA,NA,NA,NA,NA,NA,NA,NA,7.06,NA,NA,NA,NA,NA,NA,NA,NA,NA,NA,NA,NA,NA,NA,NA,NA,NA,NA,NA,NA,NA,NA,NA,NA,NA,NA,NA,NA,NA,NA,NA,NA,NA,NA,NA,NA,NA,NA,NA,NA,NA,NA,NA
TTR2-015,2,0,1,82,1,NA,NA,NA,NA,NA,NA,NA,NA,NA,NA,NA,NA,NA,NA,4.69,NA,NA,NA,NA,NA,NA,NA,NA,NA,NA,NA,NA,NA,NA,NA,NA,NA,NA,NA,NA,NA,NA,NA,NA,NA,NA,NA,NA,NA,NA,NA,NA,NA,NA,NA,NA,NA,NA,NA,NA,NA,NA,NA
TTR2-151,2,0,1,72,1,NA,NA,NA,NA,NA,NA,NA,NA,NA,NA,NA,NA,NA,NA,38.64,NA,NA,NA,NA,NA,NA,NA,NA,NA,NA,NA,NA,NA,NA,NA,NA,NA,NA,NA,NA,NA,NA,NA,NA,NA,NA,NA,NA,NA,NA,NA,NA,NA,NA,NA,NA,NA,NA,NA,NA,NA,NA,NA
TTR2-050,2,0,1,79,1,NA,NA,NA,NA,NA,NA,NA,NA,NA,NA,NA,NA,NA,NA,15.22,NA,NA,NA,NA,NA,NA,NA,NA,NA,NA,NA,NA,NA,NA,NA,NA,NA,NA,NA,NA,NA,NA,NA,NA,NA,NA,NA,NA,NA,NA,NA,NA,NA,NA,NA,NA,NA,NA,NA,NA,NA,NA,NA
TTR2-114,2,0,1,77,1,NA,NA,NA,NA,NA,NA,NA,NA,NA,NA,NA,NA,NA,NA,1.03,NA,NA,NA,NA,NA,NA,NA,NA,NA,NA,NA,NA,NA,NA,NA,NA,NA,NA,NA,NA,NA,NA,NA,NA,NA,NA,NA,NA,NA,NA,NA,NA,NA,NA,NA,NA,NA,NA,NA,NA,NA,NA,NA
TTR2-090,2,0,1,84,1,NA,NA,NA,NA,NA,NA,NA,NA,NA,NA,NA,NA,NA,NA,6.79,NA,NA,NA,NA,NA,NA,NA,NA,NA,NA,NA,NA,NA,NA,NA,NA,NA,NA,NA,NA,NA,NA,NA,NA,NA,NA,NA,NA,NA,NA,NA,NA,NA,NA,NA,NA,NA,NA,NA,NA,NA,NA,NA
TTR2-034,2,0,1,79,1,NA,NA,NA,NA,NA,NA,NA,NA,NA,NA,NA,NA,NA,NA,21.58,NA,NA,NA,NA,NA,NA,NA,NA,NA,NA,NA,NA,NA,NA,NA,NA,NA,NA,NA,NA,NA,NA,NA,NA,NA,NA,NA,NA,NA,NA,NA,NA,NA,NA,NA,NA,NA,NA,NA,NA,NA,NA,NA
TTR2-056,2,0,1,79,1,NA,NA,NA,NA,NA,NA,NA,NA,NA,NA,NA,NA,NA,NA,46.77,NA,NA,NA,NA,NA,NA,NA,NA,NA,NA,NA,NA,NA,NA,NA,NA,NA,NA,NA,NA,NA,NA,NA,NA,NA,NA,NA,NA,NA,NA,NA,NA,NA,NA,NA,NA,NA,NA,NA,NA,NA,NA,NA
TTR2-077,2,0,1,78,1,NA,NA,NA,NA,NA,NA,NA,NA,NA,NA,NA,NA,NA,NA,53.9,NA,NA,NA,NA,NA,NA,NA,NA,NA,NA,NA,NA,NA,NA,NA,NA,NA,NA,NA,NA,NA,NA,NA,NA,NA,NA,NA,NA,NA,NA,NA,NA,NA,NA,NA,NA,NA,NA,NA,NA,NA,NA,NA
TTR2-040,2,0,1,77,1,NA,NA,NA,NA,NA,NA,NA,NA,NA,NA,NA,NA,NA,NA,2.33,NA,NA,NA,NA,NA,NA,NA,NA,NA,NA,NA,NA,NA,NA,NA,NA,NA,NA,NA,NA,NA,NA,NA,NA,NA,NA,NA,NA,NA,NA,NA,NA,NA,NA,NA,NA,NA,NA,NA,NA,NA,NA,NA
TTR2-094,2,0,1,75,1,NA,NA,NA,NA,NA,NA,NA,NA,NA,NA,NA,NA,NA,NA,3.39,NA,NA,NA,NA,NA,NA,NA,NA,NA,NA,NA,NA,NA,NA,NA,NA,NA,NA,NA,NA,NA,NA,NA,NA,NA,NA,NA,NA,NA,NA,NA,NA,NA,NA,NA,NA,NA,NA,NA,NA,NA,NA,NA
TTR2-142,2,0,1,80,1,NA,NA,NA,NA,NA,NA,NA,NA,NA,NA,NA,NA,NA,NA,-0.66,NA,NA,NA,NA,NA,NA,NA,NA,NA,NA,NA,NA,NA,NA,NA,NA,NA,NA,NA,NA,NA,NA,NA,NA,NA,NA,NA,NA,NA,NA,NA,NA,NA,NA,NA,NA,NA,NA,NA,NA,NA,NA,NA
TTR2-154,2,0,1,74,1,NA,NA,NA,NA,NA,NA,NA,NA,NA,NA,NA,NA,NA,NA,1.73,NA,NA,NA,NA,NA,NA,NA,NA,NA,NA,NA,NA,NA,NA,NA,NA,NA,NA,NA,NA,NA,NA,NA,NA,NA,NA,NA,NA,NA,NA,NA,NA,NA,NA,NA,NA,NA,NA,NA,NA,NA,NA,NA
TTR2-078,2,0,1,79,1,NA,NA,NA,NA,NA,NA,NA,NA,NA,NA,NA,NA,NA,NA,68.23,NA,NA,NA,NA,NA,NA,NA,NA,NA,NA,NA,NA,NA,NA,NA,NA,NA,NA,NA,NA,NA,NA,NA,NA,NA,NA,NA,NA,NA,NA,NA,NA,NA,NA,NA,NA,NA,NA,NA,NA,NA,NA,NA
TTR2-051,2,0,1,80,1,NA,NA,NA,NA,NA,NA,NA,NA,NA,NA,NA,NA,NA,NA,0.66,NA,NA,NA,NA,NA,NA,NA,NA,NA,NA,NA,NA,NA,NA,NA,NA,NA,NA,NA,NA,NA,NA,NA,NA,NA,NA,NA,NA,NA,NA,NA,NA,NA,NA,NA,NA,NA,NA,NA,NA,NA,NA,NA
TTR2-113,2,0,1,76,1,NA,NA,NA,NA,NA,NA,NA,NA,NA,NA,NA,NA,NA,NA,1.55,NA,NA,NA,NA,NA,NA,NA,NA,NA,NA,NA,NA,NA,NA,NA,NA,NA,NA,NA,NA,NA,NA,NA,NA,NA,NA,NA,NA,NA,NA,NA,NA,NA,NA,NA,NA,NA,NA,NA,NA,NA,NA,NA
TTR2-061,2,0,1,79,1,NA,NA,NA,NA,NA,NA,NA,NA,NA,NA,NA,NA,NA,NA,7.3,NA,NA,NA,NA,NA,NA,NA,NA,NA,NA,NA,NA,NA,NA,NA,NA,NA,NA,NA,NA,NA,NA,NA,NA,NA,NA,NA,NA,NA,NA,NA,NA,NA,NA,NA,NA,NA,NA,NA,NA,NA,NA,NA
TTR2-161,2,0,1,82,1,NA,NA,NA,NA,NA,NA,NA,NA,NA,NA,NA,NA,NA,NA,-0.29,NA,NA,NA,NA,NA,NA,NA,NA,NA,NA,NA,NA,NA,NA,NA,NA,NA,NA,NA,NA,NA,NA,NA,NA,NA,NA,NA,NA,NA,NA,NA,NA,NA,NA,NA,NA,NA,NA,NA,NA,NA,NA,NA
TTR2-112,2,0,1,71,1,NA,NA,NA,NA,NA,NA,NA,NA,NA,NA,NA,NA,NA,NA,1.01,NA,NA,NA,NA,NA,NA,NA,NA,NA,NA,NA,NA,NA,NA,NA,NA,NA,NA,NA,NA,NA,NA,NA,NA,NA,NA,NA,NA,NA,NA,NA,NA,NA,NA,NA,NA,NA,NA,NA,NA,NA,NA,NA
TTR2-132,2,0,1,76,1,NA,NA,NA,NA,NA,NA,NA,NA,NA,NA,NA,NA,NA,NA,2.57,NA,NA,NA,NA,NA,NA,NA,NA,NA,NA,NA,NA,NA,NA,NA,NA,NA,NA,NA,NA,NA,NA,NA,NA,NA,NA,NA,NA,NA,NA,NA,NA,NA,NA,NA,NA,NA,NA,NA,NA,NA,NA,NA
TTR2-145,2,0,1,74,1,NA,NA,NA,NA,NA,NA,NA,NA,NA,NA,NA,NA,NA,NA,2.59,NA,NA,NA,NA,NA,NA,NA,NA,NA,NA,NA,NA,NA,NA,NA,NA,NA,NA,NA,NA,NA,NA,NA,NA,NA,NA,NA,NA,NA,NA,NA,NA,NA,NA,NA,NA,NA,NA,NA,NA,NA,NA,NA
TTR2-143,2,0,1,79,1,NA,NA,NA,NA,NA,NA,NA,NA,NA,NA,NA,NA,NA,NA,-0.06,NA,NA,NA,NA,NA,NA,NA,NA,NA,NA,NA,NA,NA,NA,NA,NA,NA,NA,NA,NA,NA,NA,NA,NA,NA,NA,NA,NA,NA,NA,NA,NA,NA,NA,NA,NA,NA,NA,NA,NA,NA,NA,NA
TTR2-166,2,0,1,76,1,NA,NA,NA,NA,NA,NA,NA,NA,NA,NA,NA,NA,NA,NA,4.22,NA,NA,NA,NA,NA,NA,NA,NA,NA,NA,NA,NA,NA,NA,NA,NA,NA,NA,NA,NA,NA,NA,NA,NA,NA,NA,NA,NA,NA,NA,NA,NA,NA,NA,NA,NA,NA,NA,NA,NA,NA,NA,NA
TTR2-167,2,0,1,78,1,NA,NA,NA,NA,NA,NA,NA,NA,NA,NA,NA,NA,NA,NA,4.27,NA,NA,NA,NA,NA,NA,NA,NA,NA,NA,NA,NA,NA,NA,NA,NA,NA,NA,NA,NA,NA,NA,NA,NA,NA,NA,NA,NA,NA,NA,NA,NA,NA,NA,NA,NA,NA,NA,NA,NA,NA,NA,NA
TTR2-064,2,0,1,80,1,NA,NA,NA,NA,NA,NA,NA,NA,NA,NA,NA,NA,NA,NA,-1.11,NA,NA,NA,NA,NA,NA,NA,NA,NA,NA,NA,NA,NA,NA,NA,NA,NA,NA,NA,NA,NA,NA,NA,NA,NA,NA,NA,NA,NA,NA,NA,NA,NA,NA,NA,NA,NA,NA,NA,NA,NA,NA,NA
TTR2-110,2,0,1,78,1,NA,NA,NA,NA,NA,NA,NA,NA,NA,NA,NA,NA,NA,NA,-0.37,NA,NA,NA,NA,NA,NA,NA,NA,NA,NA,NA,NA,NA,NA,NA,NA,NA,NA,NA,NA,NA,NA,NA,NA,NA,NA,NA,NA,NA,NA,NA,NA,NA,NA,NA,NA,NA,NA,NA,NA,NA,NA,NA
TTR2-170,2,0,1,72,1,NA,NA,NA,NA,NA,NA,NA,NA,NA,NA,NA,NA,NA,NA,3.98,NA,NA,NA,NA,NA,NA,NA,NA,NA,NA,NA,NA,NA,NA,NA,NA,NA,NA,NA,NA,NA,NA,NA,NA,NA,NA,NA,NA,NA,NA,NA,NA,NA,NA,NA,NA,NA,NA,NA,NA,NA,NA,NA
TTR2-091,2,0,1,80,1,NA,NA,NA,NA,NA,NA,NA,NA,NA,NA,NA,NA,NA,NA,3.12,NA,NA,NA,NA,NA,NA,NA,NA,NA,NA,NA,NA,NA,NA,NA,NA,NA,NA,NA,NA,NA,NA,NA,NA,NA,NA,NA,NA,NA,NA,NA,NA,NA,NA,NA,NA,NA,NA,NA,NA,NA,NA,NA
TTR2-172,2,0,1,74,1,NA,NA,NA,NA,NA,NA,NA,NA,NA,NA,NA,NA,NA,NA,6.9,NA,NA,NA,NA,NA,NA,NA,NA,NA,NA,NA,NA,NA,NA,NA,NA,NA,NA,NA,NA,NA,NA,NA,NA,NA,NA,NA,NA,NA,NA,NA,NA,NA,NA,NA,NA,NA,NA,NA,NA,NA,NA,NA
TTR2-121,2,0,1,76,1,NA,NA,NA,NA,NA,NA,NA,NA,NA,NA,NA,NA,NA,NA,3.79,NA,NA,NA,NA,NA,NA,NA,NA,NA,NA,NA,NA,NA,NA,NA,NA,NA,NA,NA,NA,NA,NA,NA,NA,NA,NA,NA,NA,NA,NA,NA,NA,NA,NA,NA,NA,NA,NA,NA,NA,NA,NA,NA
TTR2-175,2,0,1,77,1,NA,NA,NA,NA,NA,NA,NA,NA,NA,NA,NA,NA,NA,NA,-0.18,NA,NA,NA,NA,NA,NA,NA,NA,NA,NA,NA,NA,NA,NA,NA,NA,NA,NA,NA,NA,NA,NA,NA,NA,NA,NA,NA,NA,NA,NA,NA,NA,NA,NA,NA,NA,NA,NA,NA,NA,NA,NA,NA
TTR2-086,2,0,1,75,1,NA,NA,NA,NA,NA,NA,NA,NA,NA,NA,NA,NA,NA,NA,7.07,NA,NA,NA,NA,NA,NA,NA,NA,NA,NA,NA,NA,NA,NA,NA,NA,NA,NA,NA,NA,NA,NA,NA,NA,NA,NA,NA,NA,NA,NA,NA,NA,NA,NA,NA,NA,NA,NA,NA,NA,NA,NA,NA
TTR2-037,2,0,1,75,1,NA,NA,NA,NA,NA,NA,NA,NA,NA,NA,NA,NA,NA,NA,1.75,NA,NA,NA,NA,NA,NA,NA,NA,NA,NA,NA,NA,NA,NA,NA,NA,NA,NA,NA,NA,NA,NA,NA,NA,NA,NA,NA,NA,NA,NA,NA,NA,NA,NA,NA,NA,NA,NA,NA,NA,NA,NA,NA
TTR2-036,2,0,1,73,1,NA,NA,NA,NA,NA,NA,NA,NA,NA,NA,NA,NA,NA,NA,0.98,NA,NA,NA,NA,NA,NA,NA,NA,NA,NA,NA,NA,NA,NA,NA,NA,NA,NA,NA,NA,NA,NA,NA,NA,NA,NA,NA,NA,NA,NA,NA,NA,NA,NA,NA,NA,NA,NA,NA,NA,NA,NA,NA
TTR2-173,2,0,1,75,1,NA,NA,NA,NA,NA,NA,NA,NA,NA,NA,NA,NA,NA,NA,28.36,NA,NA,NA,NA,NA,NA,NA,NA,NA,NA,NA,NA,NA,NA,NA,NA,NA,NA,NA,NA,NA,NA,NA,NA,NA,NA,NA,NA,NA,NA,NA,NA,NA,NA,NA,NA,NA,NA,NA,NA,NA,NA,NA
TTR2-193,2,0,1,80,1,NA,NA,NA,NA,NA,NA,NA,NA,NA,NA,NA,NA,NA,NA,0.82,NA,NA,NA,NA,NA,NA,NA,NA,NA,NA,NA,NA,NA,NA,NA,NA,NA,NA,NA,NA,NA,NA,NA,NA,NA,NA,NA,NA,NA,NA,NA,NA,NA,NA,NA,NA,NA,NA,NA,NA,NA,NA,NA
TTR2-195,2,0,1,79,1,NA,NA,NA,NA,NA,NA,NA,NA,NA,NA,NA,NA,NA,NA,25.61,NA,NA,NA,NA,NA,NA,NA,NA,NA,NA,NA,NA,NA,NA,NA,NA,NA,NA,NA,NA,NA,NA,NA,NA,NA,NA,NA,NA,NA,NA,NA,NA,NA,NA,NA,NA,NA,NA,NA,NA,NA,NA,NA
TTR2-196,2,0,1,84,1,NA,NA,NA,NA,NA,NA,NA,NA,NA,NA,NA,NA,NA,NA,20.45,NA,NA,NA,NA,NA,NA,NA,NA,NA,NA,NA,NA,NA,NA,NA,NA,NA,NA,NA,NA,NA,NA,NA,NA,NA,NA,NA,NA,NA,NA,NA,NA,NA,NA,NA,NA,NA,NA,NA,NA,NA,NA,NA
TTR2-119,2,0,1,76,1,NA,NA,NA,NA,NA,NA,NA,NA,NA,NA,NA,NA,NA,NA,19.01,NA,NA,NA,NA,NA,NA,NA,NA,NA,NA,NA,NA,NA,NA,NA,NA,NA,NA,NA,NA,NA,NA,NA,NA,NA,NA,NA,NA,NA,NA,NA,NA,NA,NA,NA,NA,NA,NA,NA,NA,NA,NA,NA
TTR2-107,2,0,1,78,1,NA,NA,NA,NA,NA,NA,NA,NA,NA,NA,NA,NA,NA,NA,3.33,NA,NA,NA,NA,NA,NA,NA,NA,NA,NA,NA,NA,NA,NA,NA,NA,NA,NA,NA,NA,NA,NA,NA,NA,NA,NA,NA,NA,NA,NA,NA,NA,NA,NA,NA,NA,NA,NA,NA,NA,NA,NA,NA
TTR2-197,2,0,1,78,1,NA,NA,NA,NA,NA,NA,NA,NA,NA,NA,NA,NA,NA,NA,0,NA,NA,NA,NA,NA,NA,NA,NA,NA,NA,NA,NA,NA,NA,NA,NA,NA,NA,NA,NA,NA,NA,NA,NA,NA,NA,NA,NA,NA,NA,NA,NA,NA,NA,NA,NA,NA,NA,NA,NA,NA,NA,NA
TTR2-198,2,0,1,73,1,NA,NA,NA,NA,NA,NA,NA,NA,NA,NA,NA,NA,NA,NA,4.07,NA,NA,NA,NA,NA,NA,NA,NA,NA,NA,NA,NA,NA,NA,NA,NA,NA,NA,NA,NA,NA,NA,NA,NA,NA,NA,NA,NA,NA,NA,NA,NA,NA,NA,NA,NA,NA,NA,NA,NA,NA,NA,NA
TTR2-199,2,0,1,79,1,NA,NA,NA,NA,NA,NA,NA,NA,NA,NA,NA,NA,NA,NA,2.95,NA,NA,NA,NA,NA,NA,NA,NA,NA,NA,NA,NA,NA,NA,NA,NA,NA,NA,NA,NA,NA,NA,NA,NA,NA,NA,NA,NA,NA,NA,NA,NA,NA,NA,NA,NA,NA,NA,NA,NA,NA,NA,NA
TTR2-200,2,0,1,78,1,NA,NA,NA,NA,NA,NA,NA,NA,NA,NA,NA,NA,NA,NA,-0.77,NA,NA,NA,NA,NA,NA,NA,NA,NA,NA,NA,NA,NA,NA,NA,NA,NA,NA,NA,NA,NA,NA,NA,NA,NA,NA,NA,NA,NA,NA,NA,NA,NA,NA,NA,NA,NA,NA,NA,NA,NA,NA,NA
TTR2-202,2,0,1,76,1,NA,NA,NA,NA,NA,NA,NA,NA,NA,NA,NA,NA,NA,NA,8.03,NA,NA,NA,NA,NA,NA,NA,NA,NA,NA,NA,NA,NA,NA,NA,NA,NA,NA,NA,NA,NA,NA,NA,NA,NA,NA,NA,NA,NA,NA,NA,NA,NA,NA,NA,NA,NA,NA,NA,NA,NA,NA,NA
TTR2-204,2,0,1,84,1,NA,NA,NA,NA,NA,NA,NA,NA,NA,NA,NA,NA,NA,NA,4.84,NA,NA,NA,NA,NA,NA,NA,NA,NA,NA,NA,NA,NA,NA,NA,NA,NA,NA,NA,NA,NA,NA,NA,NA,NA,NA,NA,NA,NA,NA,NA,NA,NA,NA,NA,NA,NA,NA,NA,NA,NA,NA,NA
TTR2-206,2,0,1,80,1,NA,NA,NA,NA,NA,NA,NA,NA,NA,NA,NA,NA,NA,NA,3.69,NA,NA,NA,NA,NA,NA,NA,NA,NA,NA,NA,NA,NA,NA,NA,NA,NA,NA,NA,NA,NA,NA,NA,NA,NA,NA,NA,NA,NA,NA,NA,NA,NA,NA,NA,NA,NA,NA,NA,NA,NA,NA,NA
TTR2-207,2,0,1,75,1,NA,NA,NA,NA,NA,NA,NA,NA,NA,NA,NA,NA,NA,NA,3.78,NA,NA,NA,NA,NA,NA,NA,NA,NA,NA,NA,NA,NA,NA,NA,NA,NA,NA,NA,NA,NA,NA,NA,NA,NA,NA,NA,NA,NA,NA,NA,NA,NA,NA,NA,NA,NA,NA,NA,NA,NA,NA,NA
TTR2-028,2,0,1,78,1,NA,NA,NA,NA,NA,NA,NA,NA,NA,NA,NA,NA,NA,NA,-1.76,NA,NA,NA,NA,NA,NA,NA,NA,NA,NA,NA,NA,NA,NA,NA,NA,NA,NA,NA,NA,NA,NA,NA,NA,NA,NA,NA,NA,NA,NA,NA,NA,NA,NA,NA,NA,NA,NA,NA,NA,NA,NA,NA
TTR2-209,2,0,1,72,1,NA,NA,NA,NA,NA,NA,NA,NA,NA,NA,NA,NA,NA,NA,7.37,NA,NA,NA,NA,NA,NA,NA,NA,NA,NA,NA,NA,NA,NA,NA,NA,NA,NA,NA,NA,NA,NA,NA,NA,NA,NA,NA,NA,NA,NA,NA,NA,NA,NA,NA,NA,NA,NA,NA,NA,NA,NA,NA
TTR2-208,2,0,1,78,1,NA,NA,NA,NA,NA,NA,NA,NA,NA,NA,NA,NA,NA,NA,4.65,NA,NA,NA,NA,NA,NA,NA,NA,NA,NA,NA,NA,NA,NA,NA,NA,NA,NA,NA,NA,NA,NA,NA,NA,NA,NA,NA,NA,NA,NA,NA,NA,NA,NA,NA,NA,NA,NA,NA,NA,NA,NA,NA
TTR2-211,2,0,1,77,1,NA,NA,NA,NA,NA,NA,NA,NA,NA,NA,NA,NA,NA,NA,5.59,NA,NA,NA,NA,NA,NA,NA,NA,NA,NA,NA,NA,NA,NA,NA,NA,NA,NA,NA,NA,NA,NA,NA,NA,NA,NA,NA,NA,NA,NA,NA,NA,NA,NA,NA,NA,NA,NA,NA,NA,NA,NA,NA
TTR2-215,2,0,1,76,1,NA,NA,NA,NA,NA,NA,NA,NA,NA,NA,NA,NA,NA,NA,5.21,NA,NA,NA,NA,NA,NA,NA,NA,NA,NA,NA,NA,NA,NA,NA,NA,NA,NA,NA,NA,NA,NA,NA,NA,NA,NA,NA,NA,NA,NA,NA,NA,NA,NA,NA,NA,NA,NA,NA,NA,NA,NA,NA
TTR2-216,2,0,1,80,1,NA,NA,NA,NA,NA,NA,NA,NA,NA,NA,NA,NA,NA,NA,28.25,NA,NA,NA,NA,NA,NA,NA,NA,NA,NA,NA,NA,NA,NA,NA,NA,NA,NA,NA,NA,NA,NA,NA,NA,NA,NA,NA,NA,NA,NA,NA,NA,NA,NA,NA,NA,NA,NA,NA,NA,NA,NA,NA
TTR2-075,2,0,1,75,1,NA,NA,NA,NA,NA,NA,NA,NA,NA,NA,NA,NA,NA,NA,-1.03,NA,NA,NA,NA,NA,NA,NA,NA,NA,NA,NA,NA,NA,NA,NA,NA,NA,NA,NA,NA,NA,NA,NA,NA,NA,NA,NA,NA,NA,NA,NA,NA,NA,NA,NA,NA,NA,NA,NA,NA,NA,NA,NA
TTR2-217,2,0,1,77,1,NA,NA,NA,NA,NA,NA,NA,NA,NA,NA,NA,NA,NA,NA,5.39,NA,NA,NA,NA,NA,NA,NA,NA,NA,NA,NA,NA,NA,NA,NA,NA,NA,NA,NA,NA,NA,NA,NA,NA,NA,NA,NA,NA,NA,NA,NA,NA,NA,NA,NA,NA,NA,NA,NA,NA,NA,NA,NA
TTR2-219,2,0,1,74,1,NA,NA,NA,NA,NA,NA,NA,NA,NA,NA,NA,NA,NA,NA,12.29,NA,NA,NA,NA,NA,NA,NA,NA,NA,NA,NA,NA,NA,NA,NA,NA,NA,NA,NA,NA,NA,NA,NA,NA,NA,NA,NA,NA,NA,NA,NA,NA,NA,NA,NA,NA,NA,NA,NA,NA,NA,NA,NA
TTR2-220,2,0,1,79,1,NA,NA,NA,NA,NA,NA,NA,NA,NA,NA,NA,NA,NA,NA,1.72,NA,NA,NA,NA,NA,NA,NA,NA,NA,NA,NA,NA,NA,NA,NA,NA,NA,NA,NA,NA,NA,NA,NA,NA,NA,NA,NA,NA,NA,NA,NA,NA,NA,NA,NA,NA,NA,NA,NA,NA,NA,NA,NA
TTR2-223,2,0,1,77,1,NA,NA,NA,NA,NA,NA,NA,NA,NA,NA,NA,NA,NA,NA,-1.15,NA,NA,NA,NA,NA,NA,NA,NA,NA,NA,NA,NA,NA,NA,NA,NA,NA,NA,NA,NA,NA,NA,NA,NA,NA,NA,NA,NA,NA,NA,NA,NA,NA,NA,NA,NA,NA,NA,NA,NA,NA,NA,NA
TTR2-226,2,0,1,79,1,NA,NA,NA,NA,NA,NA,NA,NA,NA,NA,NA,NA,NA,NA,10.95,NA,NA,NA,NA,NA,NA,NA,NA,NA,NA,NA,NA,NA,NA,NA,NA,NA,NA,NA,NA,NA,NA,NA,NA,NA,NA,NA,NA,NA,NA,NA,NA,NA,NA,NA,NA,NA,NA,NA,NA,NA,NA,NA
TTR2-227,2,0,1,82,1,NA,NA,NA,NA,NA,NA,NA,NA,NA,NA,NA,NA,NA,NA,30.05,NA,NA,NA,NA,NA,NA,NA,NA,NA,NA,NA,NA,NA,NA,NA,NA,NA,NA,NA,NA,NA,NA,NA,NA,NA,NA,NA,NA,NA,NA,NA,NA,NA,NA,NA,NA,NA,NA,NA,NA,NA,NA,NA
TTR2-130,2,0,1,81,1,NA,NA,NA,NA,NA,NA,NA,NA,NA,NA,NA,NA,NA,NA,-1.34,NA,NA,NA,NA,NA,NA,NA,NA,NA,NA,NA,NA,NA,NA,NA,NA,NA,NA,NA,NA,NA,NA,NA,NA,NA,NA,NA,NA,NA,NA,NA,NA,NA,NA,NA,NA,NA,NA,NA,NA,NA,NA,NA
TTR2-228,2,0,1,76,1,NA,NA,NA,NA,NA,NA,NA,NA,NA,NA,NA,NA,NA,NA,1.91,NA,NA,NA,NA,NA,NA,NA,NA,NA,NA,NA,NA,NA,NA,NA,NA,NA,NA,NA,NA,NA,NA,NA,NA,NA,NA,NA,NA,NA,NA,NA,NA,NA,NA,NA,NA,NA,NA,NA,NA,NA,NA,NA
TTR2-229,2,0,1,78,1,NA,NA,NA,NA,NA,NA,NA,NA,NA,NA,NA,NA,NA,NA,0.04,NA,NA,NA,NA,NA,NA,NA,NA,NA,NA,NA,NA,NA,NA,NA,NA,NA,NA,NA,NA,NA,NA,NA,NA,NA,NA,NA,NA,NA,NA,NA,NA,NA,NA,NA,NA,NA,NA,NA,NA,NA,NA,NA
TTR2-233,2,0,1,80,1,NA,NA,NA,NA,NA,NA,NA,NA,NA,NA,NA,NA,NA,NA,0.51,NA,NA,NA,NA,NA,NA,NA,NA,NA,NA,NA,NA,NA,NA,NA,NA,NA,NA,NA,NA,NA,NA,NA,NA,NA,NA,NA,NA,NA,NA,NA,NA,NA,NA,NA,NA,NA,NA,NA,NA,NA,NA,NA
TTR2-234,2,0,1,76,1,NA,NA,NA,NA,NA,NA,NA,NA,NA,NA,NA,NA,NA,NA,4.08,NA,NA,NA,NA,NA,NA,NA,NA,NA,NA,NA,NA,NA,NA,NA,NA,NA,NA,NA,NA,NA,NA,NA,NA,NA,NA,NA,NA,NA,NA,NA,NA,NA,NA,NA,NA,NA,NA,NA,NA,NA,NA,NA
TTR2-235,2,0,1,83,1,NA,NA,NA,NA,NA,NA,NA,NA,NA,NA,NA,NA,NA,NA,1.28,NA,NA,NA,NA,NA,NA,NA,NA,NA,NA,NA,NA,NA,NA,NA,NA,NA,NA,NA,NA,NA,NA,NA,NA,NA,NA,NA,NA,NA,NA,NA,NA,NA,NA,NA,NA,NA,NA,NA,NA,NA,NA,NA
TTR2-238,2,0,1,77,1,NA,NA,NA,NA,NA,NA,NA,NA,NA,NA,NA,NA,NA,NA,8.42,NA,NA,NA,NA,NA,NA,NA,NA,NA,NA,NA,NA,NA,NA,NA,NA,NA,NA,NA,NA,NA,NA,NA,NA,NA,NA,NA,NA,NA,NA,NA,NA,NA,NA,NA,NA,NA,NA,NA,NA,NA,NA,NA
TTR2-240,2,0,1,80,1,NA,NA,NA,NA,NA,NA,NA,NA,NA,NA,NA,NA,NA,NA,10.28,NA,NA,NA,NA,NA,NA,NA,NA,NA,NA,NA,NA,NA,NA,NA,NA,NA,NA,NA,NA,NA,NA,NA,NA,NA,NA,NA,NA,NA,NA,NA,NA,NA,NA,NA,NA,NA,NA,NA,NA,NA,NA,NA
SMP-1206,2,0,1,80,1,NA,NA,NA,NA,NA,NA,NA,NA,NA,NA,NA,NA,NA,NA,2.88,NA,NA,NA,NA,NA,NA,NA,NA,NA,NA,NA,NA,NA,NA,NA,NA,NA,NA,NA,NA,NA,NA,NA,NA,NA,NA,NA,NA,NA,NA,NA,NA,NA,NA,NA,NA,NA,NA,NA,NA,NA,NA,NA
AM02,2,0,1,86,1,NA,NA,NA,NA,NA,NA,NA,NA,NA,NA,NA,NA,NA,NA,14,NA,NA,NA,NA,NA,NA,NA,NA,NA,NA,NA,NA,NA,NA,NA,NA,NA,NA,NA,NA,NA,NA,NA,NA,NA,NA,NA,NA,NA,NA,NA,NA,NA,NA,NA,NA,NA,NA,NA,NA,NA,NA,NA
AM03,2,0,1,71,1,NA,NA,NA,NA,NA,NA,NA,NA,NA,NA,NA,NA,NA,NA,5.4,NA,NA,NA,NA,NA,NA,NA,NA,NA,NA,NA,NA,NA,NA,NA,NA,NA,NA,NA,NA,NA,NA,NA,NA,NA,NA,NA,NA,NA,NA,NA,NA,NA,NA,NA,NA,NA,NA,NA,NA,NA,NA,NA
AM04,2,0,1,85,1,NA,NA,NA,NA,NA,NA,NA,NA,NA,NA,NA,NA,NA,NA,14.8,NA,NA,NA,NA,NA,NA,NA,NA,NA,NA,NA,NA,NA,NA,NA,NA,NA,NA,NA,NA,NA,NA,NA,NA,NA,NA,NA,NA,NA,NA,NA,NA,NA,NA,NA,NA,NA,NA,NA,NA,NA,NA,NA
AM05,2,0,1,76,1,NA,NA,NA,NA,NA,NA,NA,NA,NA,NA,NA,NA,NA,NA,4.1,NA,NA,NA,NA,NA,NA,NA,NA,NA,NA,NA,NA,NA,NA,NA,NA,NA,NA,NA,NA,NA,NA,NA,NA,NA,NA,NA,NA,NA,NA,NA,NA,NA,NA,NA,NA,NA,NA,NA,NA,NA,NA,NA
AM06,2,0,1,79,1,NA,NA,NA,NA,NA,NA,NA,NA,NA,NA,NA,NA,NA,NA,20.5,NA,NA,NA,NA,NA,NA,NA,NA,NA,NA,NA,NA,NA,NA,NA,NA,NA,NA,NA,NA,NA,NA,NA,NA,NA,NA,NA,NA,NA,NA,NA,NA,NA,NA,NA,NA,NA,NA,NA,NA,NA,NA,NA
AM07,2,0,1,72,1,NA,NA,NA,NA,NA,NA,NA,NA,NA,NA,NA,NA,NA,NA,5.2,NA,NA,NA,NA,NA,NA,NA,NA,NA,NA,NA,NA,NA,NA,NA,NA,NA,NA,NA,NA,NA,NA,NA,NA,NA,NA,NA,NA,NA,NA,NA,NA,NA,NA,NA,NA,NA,NA,NA,NA,NA,NA,NA
AM08,2,0,1,77,1,NA,NA,NA,NA,NA,NA,NA,NA,NA,NA,NA,NA,NA,NA,9.2,NA,NA,NA,NA,NA,NA,NA,NA,NA,NA,NA,NA,NA,NA,NA,NA,NA,NA,NA,NA,NA,NA,NA,NA,NA,NA,NA,NA,NA,NA,NA,NA,NA,NA,NA,NA,NA,NA,NA,NA,NA,NA,NA
AM09,2,0,1,84,1,NA,NA,NA,NA,NA,NA,NA,NA,NA,NA,NA,NA,NA,NA,19.6,NA,NA,NA,NA,NA,NA,NA,NA,NA,NA,NA,NA,NA,NA,NA,NA,NA,NA,NA,NA,NA,NA,NA,NA,NA,NA,NA,NA,NA,NA,NA,NA,NA,NA,NA,NA,NA,NA,NA,NA,NA,NA,NA
AM10,2,0,1,86,1,NA,NA,NA,NA,NA,NA,NA,NA,NA,NA,NA,NA,NA,NA,2.5,NA,NA,NA,NA,NA,NA,NA,NA,NA,NA,NA,NA,NA,NA,NA,NA,NA,NA,NA,NA,NA,NA,NA,NA,NA,NA,NA,NA,NA,NA,NA,NA,NA,NA,NA,NA,NA,NA,NA,NA,NA,NA,NA
AM11,2,0,1,84,1,NA,NA,NA,NA,NA,NA,NA,NA,NA,NA,NA,NA,NA,NA,0.4,NA,NA,NA,NA,NA,NA,NA,NA,NA,NA,NA,NA,NA,NA,NA,NA,NA,NA,NA,NA,NA,NA,NA,NA,NA,NA,NA,NA,NA,NA,NA,NA,NA,NA,NA,NA,NA,NA,NA,NA,NA,NA,NA
AM12,2,0,1,79,1,NA,NA,NA,NA,NA,NA,NA,NA,NA,NA,NA,NA,NA,NA,6.3,NA,NA,NA,NA,NA,NA,NA,NA,NA,NA,NA,NA,NA,NA,NA,NA,NA,NA,NA,NA,NA,NA,NA,NA,NA,NA,NA,NA,NA,NA,NA,NA,NA,NA,NA,NA,NA,NA,NA,NA,NA,NA,NA
AM13,2,0,1,83,1,NA,NA,NA,NA,NA,NA,NA,NA,NA,NA,NA,NA,NA,NA,30.6,NA,NA,NA,NA,NA,NA,NA,NA,NA,NA,NA,NA,NA,NA,NA,NA,NA,NA,NA,NA,NA,NA,NA,NA,NA,NA,NA,NA,NA,NA,NA,NA,NA,NA,NA,NA,NA,NA,NA,NA,NA,NA,NA
AM15,2,0,1,77,1,NA,NA,NA,NA,NA,NA,NA,NA,NA,NA,NA,NA,NA,NA,4.8,NA,NA,NA,NA,NA,NA,NA,NA,NA,NA,NA,NA,NA,NA,NA,NA,NA,NA,NA,NA,NA,NA,NA,NA,NA,NA,NA,NA,NA,NA,NA,NA,NA,NA,NA,NA,NA,NA,NA,NA,NA,NA,NA
AM16,2,0,1,72,1,NA,NA,NA,NA,NA,NA,NA,NA,NA,NA,NA,NA,NA,NA,5.5,NA,NA,NA,NA,NA,NA,NA,NA,NA,NA,NA,NA,NA,NA,NA,NA,NA,NA,NA,NA,NA,NA,NA,NA,NA,NA,NA,NA,NA,NA,NA,NA,NA,NA,NA,NA,NA,NA,NA,NA,NA,NA,NA
AM17,2,0,1,80,1,NA,NA,NA,NA,NA,NA,NA,NA,NA,NA,NA,NA,NA,NA,10.5,NA,NA,NA,NA,NA,NA,NA,NA,NA,NA,NA,NA,NA,NA,NA,NA,NA,NA,NA,NA,NA,NA,NA,NA,NA,NA,NA,NA,NA,NA,NA,NA,NA,NA,NA,NA,NA,NA,NA,NA,NA,NA,NA
AM18,2,0,1,78,1,NA,NA,NA,NA,NA,NA,NA,NA,NA,NA,NA,NA,NA,NA,7.5,NA,NA,NA,NA,NA,NA,NA,NA,NA,NA,NA,NA,NA,NA,NA,NA,NA,NA,NA,NA,NA,NA,NA,NA,NA,NA,NA,NA,NA,NA,NA,NA,NA,NA,NA,NA,NA,NA,NA,NA,NA,NA,NA
1065 (SCAN-MP),2,0,1,83,1,NA,NA,NA,NA,NA,NA,NA,NA,NA,NA,NA,NA,NA,NA,-3.1,NA,NA,NA,NA,NA,NA,NA,NA,NA,NA,NA,NA,NA,NA,NA,NA,NA,NA,NA,NA,NA,NA,NA,NA,NA,NA,NA,NA,NA,NA,NA,NA,NA,NA,NA,NA,NA,NA,NA,NA,NA,NA,NA
1073 (SCAN-MP),2,0,1,87,1,NA,NA,NA,NA,NA,NA,NA,NA,NA,NA,NA,NA,NA,NA,13,NA,NA,NA,NA,NA,NA,NA,NA,NA,NA,NA,NA,NA,NA,NA,NA,NA,NA,NA,NA,NA,NA,NA,NA,NA,NA,NA,NA,NA,NA,NA,NA,NA,NA,NA,NA,NA,NA,NA,NA,NA,NA,NA
1086 (SCAN-MP),2,0,1,77,1,NA,NA,NA,NA,NA,NA,NA,NA,NA,NA,NA,NA,NA,NA,3.6,NA,NA,NA,NA,NA,NA,NA,NA,NA,NA,NA,NA,NA,NA,NA,NA,NA,NA,NA,NA,NA,NA,NA,NA,NA,NA,NA,NA,NA,NA,NA,NA,NA,NA,NA,NA,NA,NA,NA,NA,NA,NA,NA
2059 (SCAN-MP),2,0,1,80,1,NA,NA,NA,NA,NA,NA,NA,NA,NA,NA,NA,NA,NA,NA,23.8,NA,NA,NA,NA,NA,NA,NA,NA,NA,NA,NA,NA,NA,NA,NA,NA,NA,NA,NA,NA,NA,NA,NA,NA,NA,NA,NA,NA,NA,NA,NA,NA,NA,NA,NA,NA,NA,NA,NA,NA,NA,NA,NA
2101 (SCAN-MP),2,0,1,72,1,NA,NA,NA,NA,NA,NA,NA,NA,NA,NA,NA,NA,NA,NA,4.7,NA,NA,NA,NA,NA,NA,NA,NA,NA,NA,NA,NA,NA,NA,NA,NA,NA,NA,NA,NA,NA,NA,NA,NA,NA,NA,NA,NA,NA,NA,NA,NA,NA,NA,NA,NA,NA,NA,NA,NA,NA,NA,NA
2126 (SCAN-MP),2,0,1,86,1,NA,NA,NA,NA,NA,NA,NA,NA,NA,NA,NA,NA,NA,NA,5,NA,NA,NA,NA,NA,NA,NA,NA,NA,NA,NA,NA,NA,NA,NA,NA,NA,NA,NA,NA,NA,NA,NA,NA,NA,NA,NA,NA,NA,NA,NA,NA,NA,NA,NA,NA,NA,NA,NA,NA,NA,NA,NA
2129 (SCAN-MP),2,0,1,82,1,NA,NA,NA,NA,NA,NA,NA,NA,NA,NA,NA,NA,NA,NA,1.1,NA,NA,NA,NA,NA,NA,NA,NA,NA,NA,NA,NA,NA,NA,NA,NA,NA,NA,NA,NA,NA,NA,NA,NA,NA,NA,NA,NA,NA,NA,NA,NA,NA,NA,NA,NA,NA,NA,NA,NA,NA,NA,NA
554627677 (B3),8,0,0,60,1,,,,,,,,,,,,,,,2.49,,,,,,,,,,,,,,,,,,,,,,,,,,,,,,,,,,,,,,,,,,,
868229890 (D2),8,0,0,60,1,,,,,,,,,,,,,,,0.62,,,,,,,,,,,,,,,,,,,,,,,,,,,,,,,,,,,,,,,,,,,
PICR7554T1,8,0,0,60,1,,,,,,,,,,,,,,,-1.14,,,,,,,,,,,,,,,,,,,,,,,,,,,,,,,,,,,,,,,,,,,
794247257 (C2),8,0,0,61,1,,,,,,,,,,,,,,,1.1,,,,,,,,,,,,,,,,,,,,,,,,,,,,,,,,,,,,,,,,,,,
496725890 (A4),8,0,0,61,1,,,,,,,,,,,,,,,-0.68,,,,,,,,,,,,,,,,,,,,,,,,,,,,,,,,,,,,,,,,,,,
PICR7588T1,8,0,0,62,1,,,,,,,,,,,,,,,2.66,,,,,,,,,,,,,,,,,,,,,,,,,,,,,,,,,,,,,,,,,,,
133,8,0,0,62,1,,,,,,,,,,,,,,,4.22,,,,,,,,,,,,,,,,,,,,,,,,,,,,,,,,,,,,,,,,,,,
PICR7536T1,8,0,0,62,1,,,,,,,,,,,,,,,7.31,,,,,,,,,,,,,,,,,,,,,,,,,,,,,,,,,,,,,,,,,,,
PICR7545T1,8,0,0,62,1,,,,,,,,,,,,,,,3.29,,,,,,,,,,,,,,,,,,,,,,,,,,,,,,,,,,,,,,,,,,,
BTRFDN0020369,8,0,0,62,1,,,,,,,,,,,,,,,9.07,,,,,,,,,,,,,,,,,,,,,,,,,,,,,,,,,,,,,,,,,,,
PICR7568T1,8,0,0,63,1,,,,,,,,,,,,,,,-0.96,,,,,,,,,,,,,,,,,,,,,,,,,,,,,,,,,,,,,,,,,,,
PICR7587T1,8,0,0,63,1,,,,,,,,,,,,,,,2.62,,,,,,,,,,,,,,,,,,,,,,,,,,,,,,,,,,,,,,,,,,,
PICR7584T1,8,0,0,64,1,,,,,,,,,,,,,,,-1.92,,,,,,,,,,,,,,,,,,,,,,,,,,,,,,,,,,,,,,,,,,,
700730822 (F7),8,0,0,64,1,,,,,,,,,,,,,,,12.98,,,,,,,,,,,,,,,,,,,,,,,,,,,,,,,,,,,,,,,,,,,
PICR7570T1,8,0,0,65,1,,,,,,,,,,,,,,,-0.41,,,,,,,,,,,,,,,,,,,,,,,,,,,,,,,,,,,,,,,,,,,
574569379,8,0,0,65,1,,,,,,,,,,,,,,,0.29,,,,,,,,,,,,,,,,,,,,,,,,,,,,,,,,,,,,,,,,,,,
PICR7535T1,8,0,0,65,1,,,,,,,,,,,,,,,5.55,,,,,,,,,,,,,,,,,,,,,,,,,,,,,,,,,,,,,,,,,,,
BTRFDN0020209,8,0,0,65,1,,,,,,,,,,,,,,,-1.49,,,,,,,,,,,,,,,,,,,,,,,,,,,,,,,,,,,,,,,,,,,
PICR7603T1,8,0,0,65,1,,,,,,,,,,,,,,,3.89,,,,,,,,,,,,,,,,,,,,,,,,,,,,,,,,,,,,,,,,,,,
32593,8,0,0,65,1,,,,,,,,,,,,,,,1.05,,,,,,,,,,,,,,,,,,,,,,,,,,,,,,,,,,,,,,,,,,,
446158156,8,0,0,67,1,,,,,,,,,,,,,,,5.07,,,,,,,,,,,,,,,,,,,,,,,,,,,,,,,,,,,,,,,,,,,
145,8,0,0,67,1,,,,,,,,,,,,,,,1.81,,,,,,,,,,,,,,,,,,,,,,,,,,,,,,,,,,,,,,,,,,,
994337430 (D6),8,0,0,68,1,,,,,,,,,,,,,,,-2.55,,,,,,,,,,,,,,,,,,,,,,,,,,,,,,,,,,,,,,,,,,,
138,8,0,0,68,1,,,,,,,,,,,,,,,-0.93,,,,,,,,,,,,,,,,,,,,,,,,,,,,,,,,,,,,,,,,,,,
BTRFDN0020352,8,0,0,68,1,,,,,,,,,,,,,,,10.26,,,,,,,,,,,,,,,,,,,,,,,,,,,,,,,,,,,,,,,,,,,
308778016,8,0,0,69,1,,,,,,,,,,,,,,,15.11,,,,,,,,,,,,,,,,,,,,,,,,,,,,,,,,,,,,,,,,,,,
PICR7592T1,8,0,0,69,1,,,,,,,,,,,,,,,-0.13,,,,,,,,,,,,,,,,,,,,,,,,,,,,,,,,,,,,,,,,,,,
753899599,8,0,0,69,1,,,,,,,,,,,,,,,0.17,,,,,,,,,,,,,,,,,,,,,,,,,,,,,,,,,,,,,,,,,,,
140,8,0,0,69,1,,,,,,,,,,,,,,,0.08,,,,,,,,,,,,,,,,,,,,,,,,,,,,,,,,,,,,,,,,,,,
30328,8,0,0,69,1,,,,,,,,,,,,,,,0.86,,,,,,,,,,,,,,,,,,,,,,,,,,,,,,,,,,,,,,,,,,,
841152329 (D8),8,0,0,70,1,,,,,,,,,,,,,,,11.45,,,,,,,,,,,,,,,,,,,,,,,,,,,,,,,,,,,,,,,,,,,
608140324,8,0,0,70,1,,,,,,,,,,,,,,,16.31,,,,,,,,,,,,,,,,,,,,,,,,,,,,,,,,,,,,,,,,,,,
PICR7595T1,8,0,0,70,1,,,,,,,,,,,,,,,-0.6,,,,,,,,,,,,,,,,,,,,,,,,,,,,,,,,,,,,,,,,,,,
615177694 (B6),8,0,0,71,1,,,,,,,,,,,,,,,1.34,,,,,,,,,,,,,,,,,,,,,,,,,,,,,,,,,,,,,,,,,,,
PICR7529T1,8,0,0,71,1,,,,,,,,,,,,,,,5.99,,,,,,,,,,,,,,,,,,,,,,,,,,,,,,,,,,,,,,,,,,,
927538366 (A5),8,0,0,71,1,,,,,,,,,,,,,,,-2,,,,,,,,,,,,,,,,,,,,,,,,,,,,,,,,,,,,,,,,,,,
PICR7532T1,8,0,0,71,1,,,,,,,,,,,,,,,0.63,,,,,,,,,,,,,,,,,,,,,,,,,,,,,,,,,,,,,,,,,,,
PICR7598T1,8,0,0,71,1,,,,,,,,,,,,,,,3.12,,,,,,,,,,,,,,,,,,,,,,,,,,,,,,,,,,,,,,,,,,,
BTRFDN0020178,8,0,0,71,1,,,,,,,,,,,,,,,2.04,,,,,,,,,,,,,,,,,,,,,,,,,,,,,,,,,,,,,,,,,,,
31092,8,0,0,72,1,,,,,,,,,,,,,,,7.13,,,,,,,,,,,,,,,,,,,,,,,,,,,,,,,,,,,,,,,,,,,
413651535,8,0,0,73,1,,,,,,,,,,,,,,,19.55,,,,,,,,,,,,,,,,,,,,,,,,,,,,,,,,,,,,,,,,,,,
844905225,8,0,0,73,1,,,,,,,,,,,,,,,8.98,,,,,,,,,,,,,,,,,,,,,,,,,,,,,,,,,,,,,,,,,,,
536191133,8,0,0,73,1,,,,,,,,,,,,,,,1.17,,,,,,,,,,,,,,,,,,,,,,,,,,,,,,,,,,,,,,,,,,,
844905225,8,0,0,73,1,,,,,,,,,,,,,,,8.34,,,,,,,,,,,,,,,,,,,,,,,,,,,,,,,,,,,,,,,,,,,
PICR7578T1,8,0,0,73,1,,,,,,,,,,,,,,,1.67,,,,,,,,,,,,,,,,,,,,,,,,,,,,,,,,,,,,,,,,,,,
146,8,0,0,74,1,,,,,,,,,,,,,,,31.83,,,,,,,,,,,,,,,,,,,,,,,,,,,,,,,,,,,,,,,,,,,
325942021 (E5),8,0,0,75,1,,,,,,,,,,,,,,,-1.31,,,,,,,,,,,,,,,,,,,,,,,,,,,,,,,,,,,,,,,,,,,
657015684 (D7),8,0,0,75,1,,,,,,,,,,,,,,,6.71,,,,,,,,,,,,,,,,,,,,,,,,,,,,,,,,,,,,,,,,,,,
PICR7539T1,8,0,0,76,1,,,,,,,,,,,,,,,45.26,,,,,,,,,,,,,,,,,,,,,,,,,,,,,,,,,,,,,,,,,,,
PICR7552T1,8,0,0,76,1,,,,,,,,,,,,,,,17.62,,,,,,,,,,,,,,,,,,,,,,,,,,,,,,,,,,,,,,,,,,,
836573483,8,0,0,77,1,,,,,,,,,,,,,,,6.39,,,,,,,,,,,,,,,,,,,,,,,,,,,,,,,,,,,,,,,,,,,
950758958,8,0,0,77,1,,,,,,,,,,,,,,,-1.09,,,,,,,,,,,,,,,,,,,,,,,,,,,,,,,,,,,,,,,,,,,
PICR7564T1,8,0,0,77,1,,,,,,,,,,,,,,,1.01,,,,,,,,,,,,,,,,,,,,,,,,,,,,,,,,,,,,,,,,,,,
30206,8,0,0,77,1,,,,,,,,,,,,,,,8.56,,,,,,,,,,,,,,,,,,,,,,,,,,,,,,,,,,,,,,,,,,,
575443861,8,0,0,78,1,,,,,,,,,,,,,,,37.08,,,,,,,,,,,,,,,,,,,,,,,,,,,,,,,,,,,,,,,,,,,
475005206,8,0,0,78,1,,,,,,,,,,,,,,,-95.37,,,,,,,,,,,,,,,,,,,,,,,,,,,,,,,,,,,,,,,,,,,
11159,8,0,0,78,1,,,,,,,,,,,,,,,-1.27,,,,,,,,,,,,,,,,,,,,,,,,,,,,,,,,,,,,,,,,,,,
PICR7596T1,8,0,0,79,1,,,,,,,,,,,,,,,-1.54,,,,,,,,,,,,,,,,,,,,,,,,,,,,,,,,,,,,,,,,,,,
PICR7600T1,8,0,0,80,1,,,,,,,,,,,,,,,1.28,,,,,,,,,,,,,,,,,,,,,,,,,,,,,,,,,,,,,,,,,,,
288202857 (C4),8,0,0,82,1,,,,,,,,,,,,,,,7.5,,,,,,,,,,,,,,,,,,,,,,,,,,,,,,,,,,,,,,,,,,,
11579,8,0,0,83,1,,,,,,,,,,,,,,,2.49,,,,,,,,,,,,,,,,,,,,,,,,,,,,,,,,,,,,,,,,,,,
563912079,8,0,0,84,1,,,,,,,,,,,,,,,3.77,,,,,,,,,,,,,,,,,,,,,,,,,,,,,,,,,,,,,,,,,,,
11580,8,0,0,84,1,,,,,,,,,,,,,,,6.84,,,,,,,,,,,,,,,,,,,,,,,,,,,,,,,,,,,,,,,,,,,
384336751 (C6),8,0,0,86,1,,,,,,,,,,,,,,,12.38,,,,,,,,,,,,,,,,,,,,,,,,,,,,,,,,,,,,,,,,,,,
11513,8,0,0,86,1,,,,,,,,,,,,,,,4.05,,,,,,,,,,,,,,,,,,,,,,,,,,,,,,,,,,,,,,,,,,,
232697276,8,0,0,87,1,,,,,,,,,,,,,,,4,,,,,,,,,,,,,,,,,,,,,,,,,,,,,,,,,,,,,,,,,,,
717564388,8,0,0,88,1,,,,,,,,,,,,,,,100,,,,,,,,,,,,,,,,,,,,,,,,,,,,,,,,,,,,,,,,,,,
BTRFDN0021730,8,0,0,89,1,,,,,,,,,,,,,,,-0.51,,,,,,,,,,,,,,,,,,,,,,,,,,,,,,,,,,,,,,,,,,,
54-162A-014-BAS,9,0,0,70,1,,,,,,,,,,,,,,,-23.68,,,,,,,,,,,,,,,,,,,,,,,,,,,,,,,,,,,,,,,,,,,
54-176A-007-BAS,9,0,0,70,1,,,,,,,,,,,,,,,-12.38,,,,,,,,,,,,,,,,,,,,,,,,,,,,,,,,,,,,,,,,,,,
54-136A-006-BAS,9,0,0,80,1,,,,,,,,,,,,,,,-9.56,,,,,,,,,,,,,,,,,,,,,,,,,,,,,,,,,,,,,,,,,,,
54-172A-018-BAS,9,0,0,83,1,,,,,,,,,,,,,,,-9.26,,,,,,,,,,,,,,,,,,,,,,,,,,,,,,,,,,,,,,,,,,,
54-189A-008-BAS,9,0,0,75,1,,,,,,,,,,,,,,,-8.71,,,,,,,,,,,,,,,,,,,,,,,,,,,,,,,,,,,,,,,,,,,
54-188A-005-BAS,9,0,0,59,1,,,,,,,,,,,,,,,-8.41,,,,,,,,,,,,,,,,,,,,,,,,,,,,,,,,,,,,,,,,,,,
54-176A-009-BAS,9,0,0,77,1,,,,,,,,,,,,,,,-8.39,,,,,,,,,,,,,,,,,,,,,,,,,,,,,,,,,,,,,,,,,,,
54-194A-005R-BAS,9,0,0,72,1,,,,,,,,,,,,,,,-7.53,,,,,,,,,,,,,,,,,,,,,,,,,,,,,,,,,,,,,,,,,,,
54-161A-019-BAS,9,0,0,72,1,,,,,,,,,,,,,,,-5.52,,,,,,,,,,,,,,,,,,,,,,,,,,,,,,,,,,,,,,,,,,,
54-158A-008-BAS,9,0,0,71,1,,,,,,,,,,,,,,,-5.52,,,,,,,,,,,,,,,,,,,,,,,,,,,,,,,,,,,,,,,,,,,
54-161A-039-BAS,9,0,0,61,1,,,,,,,,,,,,,,,-5.19,,,,,,,,,,,,,,,,,,,,,,,,,,,,,,,,,,,,,,,,,,,
54-189A-001-BAS,9,0,0,70,1,,,,,,,,,,,,,,,-4.55,,,,,,,,,,,,,,,,,,,,,,,,,,,,,,,,,,,,,,,,,,,
54-161A-010R-BAS,9,0,0,75,1,,,,,,,,,,,,,,,-4.33,,,,,,,,,,,,,,,,,,,,,,,,,,,,,,,,,,,,,,,,,,,
54-176A-014-BAS,9,0,0,78,1,,,,,,,,,,,,,,,-4.17,,,,,,,,,,,,,,,,,,,,,,,,,,,,,,,,,,,,,,,,,,,
54-196A-012-BAS,9,0,0,76,1,,,,,,,,,,,,,,,-4.16,,,,,,,,,,,,,,,,,,,,,,,,,,,,,,,,,,,,,,,,,,,
54-208A-002-BAS,9,0,0,68,1,,,,,,,,,,,,,,,-3.77,,,,,,,,,,,,,,,,,,,,,,,,,,,,,,,,,,,,,,,,,,,
54-161A-005-BAS,9,0,0,79,1,,,,,,,,,,,,,,,-3.46,,,,,,,,,,,,,,,,,,,,,,,,,,,,,,,,,,,,,,,,,,,
54-164A-003-BAS,9,0,0,71,1,,,,,,,,,,,,,,,-3.36,,,,,,,,,,,,,,,,,,,,,,,,,,,,,,,,,,,,,,,,,,,
54-189A-029-BAS,9,0,0,73,1,,,,,,,,,,,,,,,-3.21,,,,,,,,,,,,,,,,,,,,,,,,,,,,,,,,,,,,,,,,,,,
54-158A-002-BAS,9,0,0,70,1,,,,,,,,,,,,,,,-2.85,,,,,,,,,,,,,,,,,,,,,,,,,,,,,,,,,,,,,,,,,,,
54-161A-029-BAS,9,0,0,56,1,,,,,,,,,,,,,,,-2.51,,,,,,,,,,,,,,,,,,,,,,,,,,,,,,,,,,,,,,,,,,,
54-136A-007-BAS,9,0,0,71,1,,,,,,,,,,,,,,,-2.49,,,,,,,,,,,,,,,,,,,,,,,,,,,,,,,,,,,,,,,,,,,
54-206A-008-BAS,9,0,0,72,1,,,,,,,,,,,,,,,-2.00,,,,,,,,,,,,,,,,,,,,,,,,,,,,,,,,,,,,,,,,,,,
54-194A-011-BAS,9,0,0,51,1,,,,,,,,,,,,,,,-1.91,,,,,,,,,,,,,,,,,,,,,,,,,,,,,,,,,,,,,,,,,,,
54-136A-004-BAS,9,0,0,63,1,,,,,,,,,,,,,,,-1.84,,,,,,,,,,,,,,,,,,,,,,,,,,,,,,,,,,,,,,,,,,,
54-205A-008-BAS,9,0,0,71,1,,,,,,,,,,,,,,,-1.74,,,,,,,,,,,,,,,,,,,,,,,,,,,,,,,,,,,,,,,,,,,
54-121A-010-BAS,9,0,0,59,1,,,,,,,,,,,,,,,-1.65,,,,,,,,,,,,,,,,,,,,,,,,,,,,,,,,,,,,,,,,,,,
54-180A-010-BAS,9,0,0,62,1,,,,,,,,,,,,,,,-1.60,,,,,,,,,,,,,,,,,,,,,,,,,,,,,,,,,,,,,,,,,,,
54-161A-003-BAS,9,0,0,54,1,,,,,,,,,,,,,,,-1.54,,,,,,,,,,,,,,,,,,,,,,,,,,,,,,,,,,,,,,,,,,,
54-165A-003-BAS,9,0,0,87,1,,,,,,,,,,,,,,,-1.49,,,,,,,,,,,,,,,,,,,,,,,,,,,,,,,,,,,,,,,,,,,
54-136A-009-BAS,9,0,0,59,1,,,,,,,,,,,,,,,-1.41,,,,,,,,,,,,,,,,,,,,,,,,,,,,,,,,,,,,,,,,,,,
54-161A-026-BAS,9,0,0,70,1,,,,,,,,,,,,,,,-1.37,,,,,,,,,,,,,,,,,,,,,,,,,,,,,,,,,,,,,,,,,,,
54-161A-040-BAS,9,0,0,67,1,,,,,,,,,,,,,,,-1.37,,,,,,,,,,,,,,,,,,,,,,,,,,,,,,,,,,,,,,,,,,,
54-136A-005-BAS,9,0,0,69,1,,,,,,,,,,,,,,,-1.36,,,,,,,,,,,,,,,,,,,,,,,,,,,,,,,,,,,,,,,,,,,
54-172A-016-BAS,9,0,0,82,1,,,,,,,,,,,,,,,-1.32,,,,,,,,,,,,,,,,,,,,,,,,,,,,,,,,,,,,,,,,,,,
54-113A-018-BAS,9,0,0,63,1,,,,,,,,,,,,,,,-1.24,,,,,,,,,,,,,,,,,,,,,,,,,,,,,,,,,,,,,,,,,,,
54-161A-027-BAS,9,0,0,55,1,,,,,,,,,,,,,,,-1.18,,,,,,,,,,,,,,,,,,,,,,,,,,,,,,,,,,,,,,,,,,,
54-189A-024-BAS,9,0,0,74,1,,,,,,,,,,,,,,,-1.14,,,,,,,,,,,,,,,,,,,,,,,,,,,,,,,,,,,,,,,,,,,
54-196A-011-BAS,9,0,0,81,1,,,,,,,,,,,,,,,-1.10,,,,,,,,,,,,,,,,,,,,,,,,,,,,,,,,,,,,,,,,,,,
54-211A-001-BAS,9,0,0,63,1,,,,,,,,,,,,,,,-1.08,,,,,,,,,,,,,,,,,,,,,,,,,,,,,,,,,,,,,,,,,,,
54-172A-012-BAS,9,0,0,65,1,,,,,,,,,,,,,,,-1.06,,,,,,,,,,,,,,,,,,,,,,,,,,,,,,,,,,,,,,,,,,,
54-206A-009-BAS,9,0,0,68,1,,,,,,,,,,,,,,,-1.05,,,,,,,,,,,,,,,,,,,,,,,,,,,,,,,,,,,,,,,,,,,
54-173A-003R-BAS,9,0,0,71,1,,,,,,,,,,,,,,,-1.05,,,,,,,,,,,,,,,,,,,,,,,,,,,,,,,,,,,,,,,,,,,
54-176A-018-BAS,9,0,0,67,1,,,,,,,,,,,,,,,-0.97,,,,,,,,,,,,,,,,,,,,,,,,,,,,,,,,,,,,,,,,,,,
54-189A-013-BAS,9,0,0,81,1,,,,,,,,,,,,,,,-0.97,,,,,,,,,,,,,,,,,,,,,,,,,,,,,,,,,,,,,,,,,,,
54-113A-004-BAS,9,0,0,68,1,,,,,,,,,,,,,,,-0.94,,,,,,,,,,,,,,,,,,,,,,,,,,,,,,,,,,,,,,,,,,,
54-196A-004-BAS,9,0,0,68,1,,,,,,,,,,,,,,,-0.86,,,,,,,,,,,,,,,,,,,,,,,,,,,,,,,,,,,,,,,,,,,
54-159A-002-BAS,9,0,0,71,1,,,,,,,,,,,,,,,-0.84,,,,,,,,,,,,,,,,,,,,,,,,,,,,,,,,,,,,,,,,,,,
54-170A-025-BAS,9,0,0,74,1,,,,,,,,,,,,,,,-0.84,,,,,,,,,,,,,,,,,,,,,,,,,,,,,,,,,,,,,,,,,,,
54-223A-004-BAS,9,0,0,76,1,,,,,,,,,,,,,,,-0.84,,,,,,,,,,,,,,,,,,,,,,,,,,,,,,,,,,,,,,,,,,,
54-180A-009-BAS,9,0,0,71,1,,,,,,,,,,,,,,,-0.82,,,,,,,,,,,,,,,,,,,,,,,,,,,,,,,,,,,,,,,,,,,
54-188A-016-BAS,9,0,0,77,1,,,,,,,,,,,,,,,-0.79,,,,,,,,,,,,,,,,,,,,,,,,,,,,,,,,,,,,,,,,,,,
54-210A-001-BAS,9,0,0,64,1,,,,,,,,,,,,,,,-0.78,,,,,,,,,,,,,,,,,,,,,,,,,,,,,,,,,,,,,,,,,,,
54-206A-004-BAS,9,0,0,75,1,,,,,,,,,,,,,,,-0.78,,,,,,,,,,,,,,,,,,,,,,,,,,,,,,,,,,,,,,,,,,,
54-161A-046-BAS,9,0,0,72,1,,,,,,,,,,,,,,,-0.76,,,,,,,,,,,,,,,,,,,,,,,,,,,,,,,,,,,,,,,,,,,
54-155A-008-BAS,9,0,0,68,1,,,,,,,,,,,,,,,-0.66,,,,,,,,,,,,,,,,,,,,,,,,,,,,,,,,,,,,,,,,,,,
54-162A-004-BAS,9,0,0,69,1,,,,,,,,,,,,,,,-0.65,,,,,,,,,,,,,,,,,,,,,,,,,,,,,,,,,,,,,,,,,,,
54-224A-002-BAS,9,0,0,62,1,,,,,,,,,,,,,,,-0.65,,,,,,,,,,,,,,,,,,,,,,,,,,,,,,,,,,,,,,,,,,,
54-113A-028-BAS,9,0,0,50,1,,,,,,,,,,,,,,,-0.62,,,,,,,,,,,,,,,,,,,,,,,,,,,,,,,,,,,,,,,,,,,
54-161A-033-BAS,9,0,0,68,1,,,,,,,,,,,,,,,-0.59,,,,,,,,,,,,,,,,,,,,,,,,,,,,,,,,,,,,,,,,,,,
54-206A-001-BAS,9,0,0,68,1,,,,,,,,,,,,,,,-0.58,,,,,,,,,,,,,,,,,,,,,,,,,,,,,,,,,,,,,,,,,,,
54-155A-001-BAS,9,0,0,60,1,,,,,,,,,,,,,,,-0.54,,,,,,,,,,,,,,,,,,,,,,,,,,,,,,,,,,,,,,,,,,,
54-170A-019-BAS,9,0,0,70,1,,,,,,,,,,,,,,,-0.43,,,,,,,,,,,,,,,,,,,,,,,,,,,,,,,,,,,,,,,,,,,
54-232A-001-BAS,9,0,0,78,1,,,,,,,,,,,,,,,-0.41,,,,,,,,,,,,,,,,,,,,,,,,,,,,,,,,,,,,,,,,,,,
54-121A-005-BAS,9,0,0,76,1,,,,,,,,,,,,,,,-0.41,,,,,,,,,,,,,,,,,,,,,,,,,,,,,,,,,,,,,,,,,,,
54-156A-001-BAS,9,0,0,81,1,,,,,,,,,,,,,,,-0.39,,,,,,,,,,,,,,,,,,,,,,,,,,,,,,,,,,,,,,,,,,,
54-205A-001-BAS,9,0,0,68,1,,,,,,,,,,,,,,,-0.37,,,,,,,,,,,,,,,,,,,,,,,,,,,,,,,,,,,,,,,,,,,
54-169A-004-BAS,9,0,0,73,1,,,,,,,,,,,,,,,-0.28,,,,,,,,,,,,,,,,,,,,,,,,,,,,,,,,,,,,,,,,,,,
54-113A-024-BAS,9,0,0,66,1,,,,,,,,,,,,,,,-0.20,,,,,,,,,,,,,,,,,,,,,,,,,,,,,,,,,,,,,,,,,,,
54-205A-009-BAS,9,0,0,67,1,,,,,,,,,,,,,,,-0.20,,,,,,,,,,,,,,,,,,,,,,,,,,,,,,,,,,,,,,,,,,,
54-173A-001-BAS,9,0,0,80,1,,,,,,,,,,,,,,,-0.19,,,,,,,,,,,,,,,,,,,,,,,,,,,,,,,,,,,,,,,,,,,
54-170A-022-BAS,9,0,0,79,1,,,,,,,,,,,,,,,-0.18,,,,,,,,,,,,,,,,,,,,,,,,,,,,,,,,,,,,,,,,,,,
54-155A-005R-BAS,9,0,0,71,1,,,,,,,,,,,,,,,-0.13,,,,,,,,,,,,,,,,,,,,,,,,,,,,,,,,,,,,,,,,,,,
54-156A-007-BAS,9,0,0,84,1,,,,,,,,,,,,,,,-0.12,,,,,,,,,,,,,,,,,,,,,,,,,,,,,,,,,,,,,,,,,,,
54-188A-011-BAS,9,0,0,71,1,,,,,,,,,,,,,,,-0.10,,,,,,,,,,,,,,,,,,,,,,,,,,,,,,,,,,,,,,,,,,,
54-170A-023-BAS,9,0,0,65,1,,,,,,,,,,,,,,,-0.05,,,,,,,,,,,,,,,,,,,,,,,,,,,,,,,,,,,,,,,,,,,
54-163A-006-BAS,9,0,0,62,1,,,,,,,,,,,,,,,-0.04,,,,,,,,,,,,,,,,,,,,,,,,,,,,,,,,,,,,,,,,,,,
54-161A-031-BAS,9,0,0,68,1,,,,,,,,,,,,,,,0.00,,,,,,,,,,,,,,,,,,,,,,,,,,,,,,,,,,,,,,,,,,,
54-113A-012-BAS,9,0,0,66,1,,,,,,,,,,,,,,,0.06,,,,,,,,,,,,,,,,,,,,,,,,,,,,,,,,,,,,,,,,,,,
54-167A-006-BAS,9,0,0,64,1,,,,,,,,,,,,,,,0.15,,,,,,,,,,,,,,,,,,,,,,,,,,,,,,,,,,,,,,,,,,,
54-161A-042-BAS,9,0,0,56,1,,,,,,,,,,,,,,,0.19,,,,,,,,,,,,,,,,,,,,,,,,,,,,,,,,,,,,,,,,,,,
54-113A-015-BAS,9,0,0,72,1,,,,,,,,,,,,,,,0.20,,,,,,,,,,,,,,,,,,,,,,,,,,,,,,,,,,,,,,,,,,,
54-176A-017-BAS,9,0,0,69,1,,,,,,,,,,,,,,,0.24,,,,,,,,,,,,,,,,,,,,,,,,,,,,,,,,,,,,,,,,,,,
54-113A-017-BAS,9,0,0,64,1,,,,,,,,,,,,,,,0.25,,,,,,,,,,,,,,,,,,,,,,,,,,,,,,,,,,,,,,,,,,,
54-161A-032-BAS,9,0,0,52,1,,,,,,,,,,,,,,,0.27,,,,,,,,,,,,,,,,,,,,,,,,,,,,,,,,,,,,,,,,,,,
54-189A-025-BAS,9,0,0,77,1,,,,,,,,,,,,,,,0.29,,,,,,,,,,,,,,,,,,,,,,,,,,,,,,,,,,,,,,,,,,,
54-173A-006-BAS,9,0,0,75,1,,,,,,,,,,,,,,,0.33,,,,,,,,,,,,,,,,,,,,,,,,,,,,,,,,,,,,,,,,,,,
54-169A-025-BAS,9,0,0,62,1,,,,,,,,,,,,,,,0.37,,,,,,,,,,,,,,,,,,,,,,,,,,,,,,,,,,,,,,,,,,,
54-173A-002-BAS,9,0,0,67,1,,,,,,,,,,,,,,,0.41,,,,,,,,,,,,,,,,,,,,,,,,,,,,,,,,,,,,,,,,,,,
54-206A-002-BAS,9,0,0,66,1,,,,,,,,,,,,,,,0.42,,,,,,,,,,,,,,,,,,,,,,,,,,,,,,,,,,,,,,,,,,,
54-156A-011-BAS,9,0,0,72,1,,,,,,,,,,,,,,,0.42,,,,,,,,,,,,,,,,,,,,,,,,,,,,,,,,,,,,,,,,,,,
54-170A-011-BAS,9,0,0,78,1,,,,,,,,,,,,,,,0.43,,,,,,,,,,,,,,,,,,,,,,,,,,,,,,,,,,,,,,,,,,,
54-170A-020-BAS,9,0,0,83,1,,,,,,,,,,,,,,,0.46,,,,,,,,,,,,,,,,,,,,,,,,,,,,,,,,,,,,,,,,,,,
54-194A-006-BAS,9,0,0,62,1,,,,,,,,,,,,,,,0.47,,,,,,,,,,,,,,,,,,,,,,,,,,,,,,,,,,,,,,,,,,,
54-167A-003-BAS,9,0,0,67,1,,,,,,,,,,,,,,,0.48,,,,,,,,,,,,,,,,,,,,,,,,,,,,,,,,,,,,,,,,,,,
54-173A-008-BAS,9,0,0,72,1,,,,,,,,,,,,,,,0.53,,,,,,,,,,,,,,,,,,,,,,,,,,,,,,,,,,,,,,,,,,,
54-155A-013-BAS,9,0,0,60,1,,,,,,,,,,,,,,,0.55,,,,,,,,,,,,,,,,,,,,,,,,,,,,,,,,,,,,,,,,,,,
54-164A-009-BAS,9,0,0,74,1,,,,,,,,,,,,,,,0.55,,,,,,,,,,,,,,,,,,,,,,,,,,,,,,,,,,,,,,,,,,,
54-169A-018-BAS,9,0,0,66,1,,,,,,,,,,,,,,,0.61,,,,,,,,,,,,,,,,,,,,,,,,,,,,,,,,,,,,,,,,,,,
54-162A-010-BAS,9,0,0,53,1,,,,,,,,,,,,,,,0.61,,,,,,,,,,,,,,,,,,,,,,,,,,,,,,,,,,,,,,,,,,,
54-113A-011-BAS,9,0,0,62,1,,,,,,,,,,,,,,,0.62,,,,,,,,,,,,,,,,,,,,,,,,,,,,,,,,,,,,,,,,,,,
54-155A-007-BAS,9,0,0,74,1,,,,,,,,,,,,,,,0.62,,,,,,,,,,,,,,,,,,,,,,,,,,,,,,,,,,,,,,,,,,,
54-163A-007-BAS,9,0,0,78,1,,,,,,,,,,,,,,,0.64,,,,,,,,,,,,,,,,,,,,,,,,,,,,,,,,,,,,,,,,,,,
54-113A-032-BAS,9,0,0,67,1,,,,,,,,,,,,,,,0.66,,,,,,,,,,,,,,,,,,,,,,,,,,,,,,,,,,,,,,,,,,,
54-113A-003-BAS,9,0,0,81,1,,,,,,,,,,,,,,,0.66,,,,,,,,,,,,,,,,,,,,,,,,,,,,,,,,,,,,,,,,,,,
54-161A-009R-BAS,9,0,0,74,1,,,,,,,,,,,,,,,0.70,,,,,,,,,,,,,,,,,,,,,,,,,,,,,,,,,,,,,,,,,,,
54-169A-001-BAS,9,0,0,68,1,,,,,,,,,,,,,,,0.71,,,,,,,,,,,,,,,,,,,,,,,,,,,,,,,,,,,,,,,,,,,
54-161A-038-BAS,9,0,0,57,1,,,,,,,,,,,,,,,0.72,,,,,,,,,,,,,,,,,,,,,,,,,,,,,,,,,,,,,,,,,,,
54-170A-028-BAS,9,0,0,51,1,,,,,,,,,,,,,,,0.76,,,,,,,,,,,,,,,,,,,,,,,,,,,,,,,,,,,,,,,,,,,
54-215A-002-BAS,9,0,0,64,1,,,,,,,,,,,,,,,0.77,,,,,,,,,,,,,,,,,,,,,,,,,,,,,,,,,,,,,,,,,,,
54-206A-014-BAS,9,0,0,76,1,,,,,,,,,,,,,,,0.78,,,,,,,,,,,,,,,,,,,,,,,,,,,,,,,,,,,,,,,,,,,
54-194A-001-BAS,9,0,0,79,1,,,,,,,,,,,,,,,0.81,,,,,,,,,,,,,,,,,,,,,,,,,,,,,,,,,,,,,,,,,,,
54-206A-005-BAS,9,0,0,62,1,,,,,,,,,,,,,,,0.82,,,,,,,,,,,,,,,,,,,,,,,,,,,,,,,,,,,,,,,,,,,
54-161A-016-BAS,9,0,0,66,1,,,,,,,,,,,,,,,0.84,,,,,,,,,,,,,,,,,,,,,,,,,,,,,,,,,,,,,,,,,,,
54-188A-013-BAS,9,0,0,69,1,,,,,,,,,,,,,,,0.87,,,,,,,,,,,,,,,,,,,,,,,,,,,,,,,,,,,,,,,,,,,
54-170A-024-BAS,9,0,0,63,1,,,,,,,,,,,,,,,0.91,,,,,,,,,,,,,,,,,,,,,,,,,,,,,,,,,,,,,,,,,,,
54-156A-010-BAS,9,0,0,75,1,,,,,,,,,,,,,,,1.00,,,,,,,,,,,,,,,,,,,,,,,,,,,,,,,,,,,,,,,,,,,
54-189A-015-BAS,9,0,0,70,1,,,,,,,,,,,,,,,1.01,,,,,,,,,,,,,,,,,,,,,,,,,,,,,,,,,,,,,,,,,,,
54-113A-038-BAS,9,0,0,65,1,,,,,,,,,,,,,,,1.02,,,,,,,,,,,,,,,,,,,,,,,,,,,,,,,,,,,,,,,,,,,
54-215A-003-BAS,9,0,0,78,1,,,,,,,,,,,,,,,1.08,,,,,,,,,,,,,,,,,,,,,,,,,,,,,,,,,,,,,,,,,,,
54-170A-012-BAS,9,0,0,76,1,,,,,,,,,,,,,,,1.09,,,,,,,,,,,,,,,,,,,,,,,,,,,,,,,,,,,,,,,,,,,
54-206A-017-BAS,9,0,0,55,1,,,,,,,,,,,,,,,1.10,,,,,,,,,,,,,,,,,,,,,,,,,,,,,,,,,,,,,,,,,,,
54-121A-016-BAS,9,0,0,64,1,,,,,,,,,,,,,,,1.12,,,,,,,,,,,,,,,,,,,,,,,,,,,,,,,,,,,,,,,,,,,
54-161A-015-BAS,9,0,0,78,1,,,,,,,,,,,,,,,1.12,,,,,,,,,,,,,,,,,,,,,,,,,,,,,,,,,,,,,,,,,,,
54-176A-003-BAS,9,0,0,78,1,,,,,,,,,,,,,,,1.13,,,,,,,,,,,,,,,,,,,,,,,,,,,,,,,,,,,,,,,,,,,
54-161A-022-BAS,9,0,0,63,1,,,,,,,,,,,,,,,1.14,,,,,,,,,,,,,,,,,,,,,,,,,,,,,,,,,,,,,,,,,,,
54-170A-018-BAS,9,0,0,64,1,,,,,,,,,,,,,,,1.15,,,,,,,,,,,,,,,,,,,,,,,,,,,,,,,,,,,,,,,,,,,
54-188A-008-BAS,9,0,0,90,1,,,,,,,,,,,,,,,1.16,,,,,,,,,,,,,,,,,,,,,,,,,,,,,,,,,,,,,,,,,,,
54-194A-007-BAS,9,0,0,59,1,,,,,,,,,,,,,,,1.21,,,,,,,,,,,,,,,,,,,,,,,,,,,,,,,,,,,,,,,,,,,
54-163A-008-BAS,9,0,0,71,1,,,,,,,,,,,,,,,1.23,,,,,,,,,,,,,,,,,,,,,,,,,,,,,,,,,,,,,,,,,,,
54-194A-013-BAS,9,0,0,68,1,,,,,,,,,,,,,,,1.23,,,,,,,,,,,,,,,,,,,,,,,,,,,,,,,,,,,,,,,,,,,
54-188A-015-BAS,9,0,0,74,1,,,,,,,,,,,,,,,1.24,,,,,,,,,,,,,,,,,,,,,,,,,,,,,,,,,,,,,,,,,,,
54-176A-012-BAS,9,0,0,84,1,,,,,,,,,,,,,,,1.26,,,,,,,,,,,,,,,,,,,,,,,,,,,,,,,,,,,,,,,,,,,
54-188A-012-BAS,9,0,0,75,1,,,,,,,,,,,,,,,1.27,,,,,,,,,,,,,,,,,,,,,,,,,,,,,,,,,,,,,,,,,,,
54-165A-001-BAS,9,0,0,79,1,,,,,,,,,,,,,,,1.28,,,,,,,,,,,,,,,,,,,,,,,,,,,,,,,,,,,,,,,,,,,
54-170A-026-BAS,9,0,0,71,1,,,,,,,,,,,,,,,1.28,,,,,,,,,,,,,,,,,,,,,,,,,,,,,,,,,,,,,,,,,,,
54-231A-001-BAS,9,0,0,76,1,,,,,,,,,,,,,,,1.32,,,,,,,,,,,,,,,,,,,,,,,,,,,,,,,,,,,,,,,,,,,
54-169A-012-BAS,9,0,0,79,1,,,,,,,,,,,,,,,1.33,,,,,,,,,,,,,,,,,,,,,,,,,,,,,,,,,,,,,,,,,,,
54-172A-021-BAS,9,0,0,65,1,,,,,,,,,,,,,,,1.33,,,,,,,,,,,,,,,,,,,,,,,,,,,,,,,,,,,,,,,,,,,
54-176A-002-BAS,9,0,0,67,1,,,,,,,,,,,,,,,1.35,,,,,,,,,,,,,,,,,,,,,,,,,,,,,,,,,,,,,,,,,,,
54-161A-050-BAS,9,0,0,68,1,,,,,,,,,,,,,,,1.37,,,,,,,,,,,,,,,,,,,,,,,,,,,,,,,,,,,,,,,,,,,
54-189A-026-BAS,9,0,0,60,1,,,,,,,,,,,,,,,1.40,,,,,,,,,,,,,,,,,,,,,,,,,,,,,,,,,,,,,,,,,,,
54-173A-005-BAS,9,0,0,72,1,,,,,,,,,,,,,,,1.40,,,,,,,,,,,,,,,,,,,,,,,,,,,,,,,,,,,,,,,,,,,
54-215A-001-BAS,9,0,0,63,1,,,,,,,,,,,,,,,1.43,,,,,,,,,,,,,,,,,,,,,,,,,,,,,,,,,,,,,,,,,,,
54-205A-004-BAS,9,0,0,68,1,,,,,,,,,,,,,,,1.47,,,,,,,,,,,,,,,,,,,,,,,,,,,,,,,,,,,,,,,,,,,
54-231A-004-BAS,9,0,0,82,1,,,,,,,,,,,,,,,1.47,,,,,,,,,,,,,,,,,,,,,,,,,,,,,,,,,,,,,,,,,,,
54-113A-009-BAS,9,0,0,80,1,,,,,,,,,,,,,,,1.54,,,,,,,,,,,,,,,,,,,,,,,,,,,,,,,,,,,,,,,,,,,
54-189A-030-BAS,9,0,0,67,1,,,,,,,,,,,,,,,1.54,,,,,,,,,,,,,,,,,,,,,,,,,,,,,,,,,,,,,,,,,,,
54-113A-031-BAS,9,0,0,74,1,,,,,,,,,,,,,,,1.55,,,,,,,,,,,,,,,,,,,,,,,,,,,,,,,,,,,,,,,,,,,
54-194A-015R-BAS,9,0,0,72,1,,,,,,,,,,,,,,,1.55,,,,,,,,,,,,,,,,,,,,,,,,,,,,,,,,,,,,,,,,,,,
54-161A-008-BAS,9,0,0,69,1,,,,,,,,,,,,,,,1.59,,,,,,,,,,,,,,,,,,,,,,,,,,,,,,,,,,,,,,,,,,,
54-196A-007-BAS,9,0,0,74,1,,,,,,,,,,,,,,,1.73,,,,,,,,,,,,,,,,,,,,,,,,,,,,,,,,,,,,,,,,,,,
54-206A-015-BAS,9,0,0,66,1,,,,,,,,,,,,,,,1.77,,,,,,,,,,,,,,,,,,,,,,,,,,,,,,,,,,,,,,,,,,,
54-213A-002-BAS,9,0,0,65,1,,,,,,,,,,,,,,,1.77,,,,,,,,,,,,,,,,,,,,,,,,,,,,,,,,,,,,,,,,,,,
54-161A-012R-BAS,9,0,0,53,1,,,,,,,,,,,,,,,1.80,,,,,,,,,,,,,,,,,,,,,,,,,,,,,,,,,,,,,,,,,,,
54-206A-011-BAS,9,0,0,78,1,,,,,,,,,,,,,,,1.83,,,,,,,,,,,,,,,,,,,,,,,,,,,,,,,,,,,,,,,,,,,
54-156A-008-BAS,9,0,0,75,1,,,,,,,,,,,,,,,1.85,,,,,,,,,,,,,,,,,,,,,,,,,,,,,,,,,,,,,,,,,,,
54-173A-004-BAS,9,0,0,71,1,,,,,,,,,,,,,,,1.87,,,,,,,,,,,,,,,,,,,,,,,,,,,,,,,,,,,,,,,,,,,
54-161A-034-BAS,9,0,0,59,1,,,,,,,,,,,,,,,1.89,,,,,,,,,,,,,,,,,,,,,,,,,,,,,,,,,,,,,,,,,,,
54-231A-003-BAS,9,0,0,72,1,,,,,,,,,,,,,,,1.89,,,,,,,,,,,,,,,,,,,,,,,,,,,,,,,,,,,,,,,,,,,
54-155A-016-BAS,9,0,0,74,1,,,,,,,,,,,,,,,1.94,,,,,,,,,,,,,,,,,,,,,,,,,,,,,,,,,,,,,,,,,,,
54-194A-014-BAS,9,0,0,68,1,,,,,,,,,,,,,,,2.00,,,,,,,,,,,,,,,,,,,,,,,,,,,,,,,,,,,,,,,,,,,
54-176A-025-BAS,9,0,0,72,1,,,,,,,,,,,,,,,2.00,,,,,,,,,,,,,,,,,,,,,,,,,,,,,,,,,,,,,,,,,,,
54-223A-001-BAS,9,0,0,77,1,,,,,,,,,,,,,,,2.01,,,,,,,,,,,,,,,,,,,,,,,,,,,,,,,,,,,,,,,,,,,
54-113A-030-BAS,9,0,0,60,1,,,,,,,,,,,,,,,2.14,,,,,,,,,,,,,,,,,,,,,,,,,,,,,,,,,,,,,,,,,,,
54-176A-019-BAS,9,0,0,66,1,,,,,,,,,,,,,,,2.14,,,,,,,,,,,,,,,,,,,,,,,,,,,,,,,,,,,,,,,,,,,
54-189A-009-BAS,9,0,0,80,1,,,,,,,,,,,,,,,2.16,,,,,,,,,,,,,,,,,,,,,,,,,,,,,,,,,,,,,,,,,,,
54-232A-002-BAS,9,0,0,74,1,,,,,,,,,,,,,,,2.18,,,,,,,,,,,,,,,,,,,,,,,,,,,,,,,,,,,,,,,,,,,
54-162A-015-BAS,9,0,0,61,1,,,,,,,,,,,,,,,2.30,,,,,,,,,,,,,,,,,,,,,,,,,,,,,,,,,,,,,,,,,,,
54-211A-002-BAS,9,0,0,69,1,,,,,,,,,,,,,,,2.31,,,,,,,,,,,,,,,,,,,,,,,,,,,,,,,,,,,,,,,,,,,
54-196A-006-BAS,9,0,0,74,1,,,,,,,,,,,,,,,2.35,,,,,,,,,,,,,,,,,,,,,,,,,,,,,,,,,,,,,,,,,,,
54-158A-010-BAS,9,0,0,78,1,,,,,,,,,,,,,,,2.38,,,,,,,,,,,,,,,,,,,,,,,,,,,,,,,,,,,,,,,,,,,
54-170A-021-BAS,9,0,0,62,1,,,,,,,,,,,,,,,2.39,,,,,,,,,,,,,,,,,,,,,,,,,,,,,,,,,,,,,,,,,,,
54-196A-010-BAS,9,0,0,71,1,,,,,,,,,,,,,,,2.41,,,,,,,,,,,,,,,,,,,,,,,,,,,,,,,,,,,,,,,,,,,
54-205A-010-BAS,9,0,0,68,1,,,,,,,,,,,,,,,2.42,,,,,,,,,,,,,,,,,,,,,,,,,,,,,,,,,,,,,,,,,,,
54-196A-005-BAS,9,0,0,70,1,,,,,,,,,,,,,,,2.44,,,,,,,,,,,,,,,,,,,,,,,,,,,,,,,,,,,,,,,,,,,
54-162A-021-BAS,9,0,0,81,1,,,,,,,,,,,,,,,2.50,,,,,,,,,,,,,,,,,,,,,,,,,,,,,,,,,,,,,,,,,,,
54-167A-007-BAS,9,0,0,73,1,,,,,,,,,,,,,,,2.56,,,,,,,,,,,,,,,,,,,,,,,,,,,,,,,,,,,,,,,,,,,
54-162A-005-BAS,9,0,0,73,1,,,,,,,,,,,,,,,2.57,,,,,,,,,,,,,,,,,,,,,,,,,,,,,,,,,,,,,,,,,,,
54-170A-007-BAS,9,0,0,69,1,,,,,,,,,,,,,,,2.68,,,,,,,,,,,,,,,,,,,,,,,,,,,,,,,,,,,,,,,,,,,
54-121A-013-BAS,9,0,0,55,1,,,,,,,,,,,,,,,2.69,,,,,,,,,,,,,,,,,,,,,,,,,,,,,,,,,,,,,,,,,,,
54-164A-005-BAS,9,0,0,80,1,,,,,,,,,,,,,,,2.69,,,,,,,,,,,,,,,,,,,,,,,,,,,,,,,,,,,,,,,,,,,
54-155A-010-BAS,9,0,0,80,1,,,,,,,,,,,,,,,2.71,,,,,,,,,,,,,,,,,,,,,,,,,,,,,,,,,,,,,,,,,,,
54-210A-009-BAS,9,0,0,65,1,,,,,,,,,,,,,,,2.73,,,,,,,,,,,,,,,,,,,,,,,,,,,,,,,,,,,,,,,,,,,
54-113A-033-BAS,9,0,0,66,1,,,,,,,,,,,,,,,2.77,,,,,,,,,,,,,,,,,,,,,,,,,,,,,,,,,,,,,,,,,,,
54-210A-010-BAS,9,0,0,61,1,,,,,,,,,,,,,,,2.77,,,,,,,,,,,,,,,,,,,,,,,,,,,,,,,,,,,,,,,,,,,
54-206A-007-BAS,9,0,0,87,1,,,,,,,,,,,,,,,2.80,,,,,,,,,,,,,,,,,,,,,,,,,,,,,,,,,,,,,,,,,,,
54-169A-022-BAS,9,0,0,63,1,,,,,,,,,,,,,,,2.82,,,,,,,,,,,,,,,,,,,,,,,,,,,,,,,,,,,,,,,,,,,
54-164A-017-BAS,9,0,0,76,1,,,,,,,,,,,,,,,2.85,,,,,,,,,,,,,,,,,,,,,,,,,,,,,,,,,,,,,,,,,,,
54-172A-017-BAS,9,0,0,73,1,,,,,,,,,,,,,,,2.85,,,,,,,,,,,,,,,,,,,,,,,,,,,,,,,,,,,,,,,,,,,
54-170A-001-BAS,9,0,0,60,1,,,,,,,,,,,,,,,2.87,,,,,,,,,,,,,,,,,,,,,,,,,,,,,,,,,,,,,,,,,,,
54-196A-014R-BAS,9,0,0,76,1,,,,,,,,,,,,,,,2.89,,,,,,,,,,,,,,,,,,,,,,,,,,,,,,,,,,,,,,,,,,,
54-206A-012-BAS,9,0,0,71,1,,,,,,,,,,,,,,,2.89,,,,,,,,,,,,,,,,,,,,,,,,,,,,,,,,,,,,,,,,,,,
54-189A-023-BAS,9,0,0,80,1,,,,,,,,,,,,,,,2.90,,,,,,,,,,,,,,,,,,,,,,,,,,,,,,,,,,,,,,,,,,,
54-121A-003-BAS,9,0,0,63,1,,,,,,,,,,,,,,,2.91,,,,,,,,,,,,,,,,,,,,,,,,,,,,,,,,,,,,,,,,,,,
54-170A-010-BAS,9,0,0,74,1,,,,,,,,,,,,,,,2.94,,,,,,,,,,,,,,,,,,,,,,,,,,,,,,,,,,,,,,,,,,,
54-156A-006-BAS,9,0,0,71,1,,,,,,,,,,,,,,,2.95,,,,,,,,,,,,,,,,,,,,,,,,,,,,,,,,,,,,,,,,,,,
54-189A-021-BAS,9,0,0,69,1,,,,,,,,,,,,,,,2.97,,,,,,,,,,,,,,,,,,,,,,,,,,,,,,,,,,,,,,,,,,,
54-194A-003-BAS,9,0,0,70,1,,,,,,,,,,,,,,,2.97,,,,,,,,,,,,,,,,,,,,,,,,,,,,,,,,,,,,,,,,,,,
54-136A-001-BAS,9,0,0,67,1,,,,,,,,,,,,,,,2.99,,,,,,,,,,,,,,,,,,,,,,,,,,,,,,,,,,,,,,,,,,,
54-162A-017-BAS,9,0,0,69,1,,,,,,,,,,,,,,,3.01,,,,,,,,,,,,,,,,,,,,,,,,,,,,,,,,,,,,,,,,,,,
54-113A-023-BAS,9,0,0,52,1,,,,,,,,,,,,,,,3.06,,,,,,,,,,,,,,,,,,,,,,,,,,,,,,,,,,,,,,,,,,,
54-155A-012-BAS,9,0,0,76,1,,,,,,,,,,,,,,,3.07,,,,,,,,,,,,,,,,,,,,,,,,,,,,,,,,,,,,,,,,,,,
54-167A-005-BAS,9,0,0,71,1,,,,,,,,,,,,,,,3.07,,,,,,,,,,,,,,,,,,,,,,,,,,,,,,,,,,,,,,,,,,,
54-169A-007-BAS,9,0,0,73,1,,,,,,,,,,,,,,,3.12,,,,,,,,,,,,,,,,,,,,,,,,,,,,,,,,,,,,,,,,,,,
54-180A-002-BAS,9,0,0,66,1,,,,,,,,,,,,,,,3.16,,,,,,,,,,,,,,,,,,,,,,,,,,,,,,,,,,,,,,,,,,,
54-161A-013R-BAS,9,0,0,73,1,,,,,,,,,,,,,,,3.21,,,,,,,,,,,,,,,,,,,,,,,,,,,,,,,,,,,,,,,,,,,
54-121A-015-BAS,9,0,0,69,1,,,,,,,,,,,,,,,3.22,,,,,,,,,,,,,,,,,,,,,,,,,,,,,,,,,,,,,,,,,,,
54-162A-001-BAS,9,0,0,72,1,,,,,,,,,,,,,,,3.23,,,,,,,,,,,,,,,,,,,,,,,,,,,,,,,,,,,,,,,,,,,
54-188A-006-BAS,9,0,0,84,1,,,,,,,,,,,,,,,3.25,,,,,,,,,,,,,,,,,,,,,,,,,,,,,,,,,,,,,,,,,,,
54-188A-007-BAS,9,0,0,69,1,,,,,,,,,,,,,,,3.29,,,,,,,,,,,,,,,,,,,,,,,,,,,,,,,,,,,,,,,,,,,
54-196A-002-BAS,9,0,0,67,1,,,,,,,,,,,,,,,3.32,,,,,,,,,,,,,,,,,,,,,,,,,,,,,,,,,,,,,,,,,,,
54-164A-012-BAS,9,0,0,78,1,,,,,,,,,,,,,,,3.35,,,,,,,,,,,,,,,,,,,,,,,,,,,,,,,,,,,,,,,,,,,
54-176A-006-BAS,9,0,0,79,1,,,,,,,,,,,,,,,3.35,,,,,,,,,,,,,,,,,,,,,,,,,,,,,,,,,,,,,,,,,,,
54-210A-017-BAS,9,0,0,69,1,,,,,,,,,,,,,,,3.36,,,,,,,,,,,,,,,,,,,,,,,,,,,,,,,,,,,,,,,,,,,
54-169A-006-BAS,9,0,0,73,1,,,,,,,,,,,,,,,3.45,,,,,,,,,,,,,,,,,,,,,,,,,,,,,,,,,,,,,,,,,,,
54-169A-024-BAS,9,0,0,75,1,,,,,,,,,,,,,,,3.46,,,,,,,,,,,,,,,,,,,,,,,,,,,,,,,,,,,,,,,,,,,
54-172A-025-BAS,9,0,0,88,1,,,,,,,,,,,,,,,3.46,,,,,,,,,,,,,,,,,,,,,,,,,,,,,,,,,,,,,,,,,,,
54-205A-005-BAS,9,0,0,78,1,,,,,,,,,,,,,,,3.47,,,,,,,,,,,,,,,,,,,,,,,,,,,,,,,,,,,,,,,,,,,
54-210A-003-BAS,9,0,0,76,1,,,,,,,,,,,,,,,3.48,,,,,,,,,,,,,,,,,,,,,,,,,,,,,,,,,,,,,,,,,,,
54-113A-007R-BAS,9,0,0,71,1,,,,,,,,,,,,,,,3.49,,,,,,,,,,,,,,,,,,,,,,,,,,,,,,,,,,,,,,,,,,,
54-172A-002-BAS,9,0,0,80,1,,,,,,,,,,,,,,,3.49,,,,,,,,,,,,,,,,,,,,,,,,,,,,,,,,,,,,,,,,,,,
54-158A-007-BAS,9,0,0,69,1,,,,,,,,,,,,,,,3.58,,,,,,,,,,,,,,,,,,,,,,,,,,,,,,,,,,,,,,,,,,,
54-156A-014-BAS,9,0,0,77,1,,,,,,,,,,,,,,,3.59,,,,,,,,,,,,,,,,,,,,,,,,,,,,,,,,,,,,,,,,,,,
54-169A-021R-BAS,9,0,0,68,1,,,,,,,,,,,,,,,3.59,,,,,,,,,,,,,,,,,,,,,,,,,,,,,,,,,,,,,,,,,,,
54-113A-022-BAS,9,0,0,62,1,,,,,,,,,,,,,,,3.61,,,,,,,,,,,,,,,,,,,,,,,,,,,,,,,,,,,,,,,,,,,
54-170A-003-BAS,9,0,0,69,1,,,,,,,,,,,,,,,3.67,,,,,,,,,,,,,,,,,,,,,,,,,,,,,,,,,,,,,,,,,,,
54-176A-026-BAS,9,0,0,79,1,,,,,,,,,,,,,,,3.69,,,,,,,,,,,,,,,,,,,,,,,,,,,,,,,,,,,,,,,,,,,
54-155A-009-BAS,9,0,0,64,1,,,,,,,,,,,,,,,3.70,,,,,,,,,,,,,,,,,,,,,,,,,,,,,,,,,,,,,,,,,,,
54-169A-015-BAS,9,0,0,74,1,,,,,,,,,,,,,,,3.72,,,,,,,,,,,,,,,,,,,,,,,,,,,,,,,,,,,,,,,,,,,
54-113A-006R-BAS,9,0,0,60,1,,,,,,,,,,,,,,,3.75,,,,,,,,,,,,,,,,,,,,,,,,,,,,,,,,,,,,,,,,,,,
54-161A-043-BAS,9,0,0,68,1,,,,,,,,,,,,,,,3.77,,,,,,,,,,,,,,,,,,,,,,,,,,,,,,,,,,,,,,,,,,,
54-176A-023-BAS,9,0,0,69,1,,,,,,,,,,,,,,,3.78,,,,,,,,,,,,,,,,,,,,,,,,,,,,,,,,,,,,,,,,,,,
54-113A-014-BAS,9,0,0,60,1,,,,,,,,,,,,,,,3.82,,,,,,,,,,,,,,,,,,,,,,,,,,,,,,,,,,,,,,,,,,,
54-164A-013-BAS,9,0,0,63,1,,,,,,,,,,,,,,,3.85,,,,,,,,,,,,,,,,,,,,,,,,,,,,,,,,,,,,,,,,,,,
54-180A-014-BAS,9,0,0,70,1,,,,,,,,,,,,,,,3.86,,,,,,,,,,,,,,,,,,,,,,,,,,,,,,,,,,,,,,,,,,,
54-161A-048-BAS,9,0,0,73,1,,,,,,,,,,,,,,,3.87,,,,,,,,,,,,,,,,,,,,,,,,,,,,,,,,,,,,,,,,,,,
54-180A-004-BAS,9,0,0,72,1,,,,,,,,,,,,,,,3.90,,,,,,,,,,,,,,,,,,,,,,,,,,,,,,,,,,,,,,,,,,,
54-161A-024-BAS,9,0,0,74,1,,,,,,,,,,,,,,,3.93,,,,,,,,,,,,,,,,,,,,,,,,,,,,,,,,,,,,,,,,,,,
54-170A-014-BAS,9,0,0,69,1,,,,,,,,,,,,,,,4.00,,,,,,,,,,,,,,,,,,,,,,,,,,,,,,,,,,,,,,,,,,,
54-169A-003-BAS,9,0,0,66,1,,,,,,,,,,,,,,,4.00,,,,,,,,,,,,,,,,,,,,,,,,,,,,,,,,,,,,,,,,,,,
54-169A-013-BAS,9,0,0,51,1,,,,,,,,,,,,,,,4.00,,,,,,,,,,,,,,,,,,,,,,,,,,,,,,,,,,,,,,,,,,,
54-113A-019-BAS,9,0,0,75,1,,,,,,,,,,,,,,,4.05,,,,,,,,,,,,,,,,,,,,,,,,,,,,,,,,,,,,,,,,,,,
54-164A-002-BAS,9,0,0,71,1,,,,,,,,,,,,,,,4.10,,,,,,,,,,,,,,,,,,,,,,,,,,,,,,,,,,,,,,,,,,,
54-161A-021-BAS,9,0,0,65,1,,,,,,,,,,,,,,,4.15,,,,,,,,,,,,,,,,,,,,,,,,,,,,,,,,,,,,,,,,,,,
54-161A-020-BAS,9,0,0,66,1,,,,,,,,,,,,,,,4.16,,,,,,,,,,,,,,,,,,,,,,,,,,,,,,,,,,,,,,,,,,,
54-162A-022-BAS,9,0,0,74,1,,,,,,,,,,,,,,,4.18,,,,,,,,,,,,,,,,,,,,,,,,,,,,,,,,,,,,,,,,,,,
54-172A-023-BAS,9,0,0,68,1,,,,,,,,,,,,,,,4.21,,,,,,,,,,,,,,,,,,,,,,,,,,,,,,,,,,,,,,,,,,,
54-162A-012-BAS,9,0,0,72,1,,,,,,,,,,,,,,,4.24,,,,,,,,,,,,,,,,,,,,,,,,,,,,,,,,,,,,,,,,,,,
54-210A-004-BAS,9,0,0,70,1,,,,,,,,,,,,,,,4.26,,,,,,,,,,,,,,,,,,,,,,,,,,,,,,,,,,,,,,,,,,,
54-113A-029-BAS,9,0,0,75,1,,,,,,,,,,,,,,,4.28,,,,,,,,,,,,,,,,,,,,,,,,,,,,,,,,,,,,,,,,,,,
54-189A-006-BAS,9,0,0,67,1,,,,,,,,,,,,,,,4.30,,,,,,,,,,,,,,,,,,,,,,,,,,,,,,,,,,,,,,,,,,,
54-189A-010-BAS,9,0,0,75,1,,,,,,,,,,,,,,,4.30,,,,,,,,,,,,,,,,,,,,,,,,,,,,,,,,,,,,,,,,,,,
54-113A-034-BAS,9,0,0,68,1,,,,,,,,,,,,,,,4.34,,,,,,,,,,,,,,,,,,,,,,,,,,,,,,,,,,,,,,,,,,,
54-167A-010-BAS,9,0,0,67,1,,,,,,,,,,,,,,,4.35,,,,,,,,,,,,,,,,,,,,,,,,,,,,,,,,,,,,,,,,,,,
54-206A-010-BAS,9,0,0,72,1,,,,,,,,,,,,,,,4.37,,,,,,,,,,,,,,,,,,,,,,,,,,,,,,,,,,,,,,,,,,,
54-206A-003-BAS,9,0,0,72,1,,,,,,,,,,,,,,,4.53,,,,,,,,,,,,,,,,,,,,,,,,,,,,,,,,,,,,,,,,,,,
54-169A-028-BAS,9,0,0,72,1,,,,,,,,,,,,,,,4.55,,,,,,,,,,,,,,,,,,,,,,,,,,,,,,,,,,,,,,,,,,,
54-204A-001-BAS,9,0,0,68,1,,,,,,,,,,,,,,,4.66,,,,,,,,,,,,,,,,,,,,,,,,,,,,,,,,,,,,,,,,,,,
54-210A-012-BAS,9,0,0,69,1,,,,,,,,,,,,,,,4.73,,,,,,,,,,,,,,,,,,,,,,,,,,,,,,,,,,,,,,,,,,,
54-180A-007-BAS,9,0,0,71,1,,,,,,,,,,,,,,,4.77,,,,,,,,,,,,,,,,,,,,,,,,,,,,,,,,,,,,,,,,,,,
54-172A-013-BAS,9,0,0,76,1,,,,,,,,,,,,,,,4.89,,,,,,,,,,,,,,,,,,,,,,,,,,,,,,,,,,,,,,,,,,,
54-210A-018-BAS,9,0,0,76,1,,,,,,,,,,,,,,,5.07,,,,,,,,,,,,,,,,,,,,,,,,,,,,,,,,,,,,,,,,,,,
54-169A-014-BAS,9,0,0,76,1,,,,,,,,,,,,,,,5.08,,,,,,,,,,,,,,,,,,,,,,,,,,,,,,,,,,,,,,,,,,,
54-169A-016-BAS,9,0,0,85,1,,,,,,,,,,,,,,,5.13,,,,,,,,,,,,,,,,,,,,,,,,,,,,,,,,,,,,,,,,,,,
54-161A-030-BAS,9,0,0,74,1,,,,,,,,,,,,,,,5.15,,,,,,,,,,,,,,,,,,,,,,,,,,,,,,,,,,,,,,,,,,,
54-169A-027-BAS,9,0,0,66,1,,,,,,,,,,,,,,,5.18,,,,,,,,,,,,,,,,,,,,,,,,,,,,,,,,,,,,,,,,,,,
54-169A-008-BAS,9,0,0,60,1,,,,,,,,,,,,,,,5.21,,,,,,,,,,,,,,,,,,,,,,,,,,,,,,,,,,,,,,,,,,,
54-189A-012-BAS,9,0,0,71,1,,,,,,,,,,,,,,,5.36,,,,,,,,,,,,,,,,,,,,,,,,,,,,,,,,,,,,,,,,,,,
54-176A-022-BAS,9,0,0,76,1,,,,,,,,,,,,,,,5.49,,,,,,,,,,,,,,,,,,,,,,,,,,,,,,,,,,,,,,,,,,,
54-176A-024-BAS,9,0,0,74,1,,,,,,,,,,,,,,,5.49,,,,,,,,,,,,,,,,,,,,,,,,,,,,,,,,,,,,,,,,,,,
54-170A-030-BAS,9,0,0,75,1,,,,,,,,,,,,,,,5.59,,,,,,,,,,,,,,,,,,,,,,,,,,,,,,,,,,,,,,,,,,,
54-161A-041-BAS,9,0,0,63,1,,,,,,,,,,,,,,,5.62,,,,,,,,,,,,,,,,,,,,,,,,,,,,,,,,,,,,,,,,,,,
54-188A-004-BAS,9,0,0,84,1,,,,,,,,,,,,,,,5.66,,,,,,,,,,,,,,,,,,,,,,,,,,,,,,,,,,,,,,,,,,,
54-156A-004-BAS,9,0,0,73,1,,,,,,,,,,,,,,,5.80,,,,,,,,,,,,,,,,,,,,,,,,,,,,,,,,,,,,,,,,,,,
54-155A-002-BAS,9,0,0,65,1,,,,,,,,,,,,,,,5.98,,,,,,,,,,,,,,,,,,,,,,,,,,,,,,,,,,,,,,,,,,,
54-121A-007-BAS,9,0,0,81,1,,,,,,,,,,,,,,,6.00,,,,,,,,,,,,,,,,,,,,,,,,,,,,,,,,,,,,,,,,,,,
54-172A-006-BAS,9,0,0,72,1,,,,,,,,,,,,,,,6.02,,,,,,,,,,,,,,,,,,,,,,,,,,,,,,,,,,,,,,,,,,,
54-169A-005-BAS,9,0,0,67,1,,,,,,,,,,,,,,,6.10,,,,,,,,,,,,,,,,,,,,,,,,,,,,,,,,,,,,,,,,,,,
54-189A-016-BAS,9,0,0,68,1,,,,,,,,,,,,,,,6.29,,,,,,,,,,,,,,,,,,,,,,,,,,,,,,,,,,,,,,,,,,,
54-172A-020-BAS,9,0,0,69,1,,,,,,,,,,,,,,,6.30,,,,,,,,,,,,,,,,,,,,,,,,,,,,,,,,,,,,,,,,,,,
54-169A-009-BAS,9,0,0,70,1,,,,,,,,,,,,,,,6.50,,,,,,,,,,,,,,,,,,,,,,,,,,,,,,,,,,,,,,,,,,,
54-172A-011-BAS,9,0,0,77,1,,,,,,,,,,,,,,,6.57,,,,,,,,,,,,,,,,,,,,,,,,,,,,,,,,,,,,,,,,,,,
54-161A-017-BAS,9,0,0,69,1,,,,,,,,,,,,,,,6.69,,,,,,,,,,,,,,,,,,,,,,,,,,,,,,,,,,,,,,,,,,,
54-164A-014-BAS,9,0,0,69,1,,,,,,,,,,,,,,,6.71,,,,,,,,,,,,,,,,,,,,,,,,,,,,,,,,,,,,,,,,,,,
54-210A-002-BAS,9,0,0,61,1,,,,,,,,,,,,,,,6.81,,,,,,,,,,,,,,,,,,,,,,,,,,,,,,,,,,,,,,,,,,,
54-156A-002-BAS,9,0,0,72,1,,,,,,,,,,,,,,,6.91,,,,,,,,,,,,,,,,,,,,,,,,,,,,,,,,,,,,,,,,,,,
54-194A-004-BAS,9,0,0,72,1,,,,,,,,,,,,,,,6.97,,,,,,,,,,,,,,,,,,,,,,,,,,,,,,,,,,,,,,,,,,,
54-165A-006-BAS,9,0,0,74,1,,,,,,,,,,,,,,,7.08,,,,,,,,,,,,,,,,,,,,,,,,,,,,,,,,,,,,,,,,,,,
54-136A-008-BAS,9,0,0,81,1,,,,,,,,,,,,,,,7.11,,,,,,,,,,,,,,,,,,,,,,,,,,,,,,,,,,,,,,,,,,,
54-169A-026-BAS,9,0,0,64,1,,,,,,,,,,,,,,,7.17,,,,,,,,,,,,,,,,,,,,,,,,,,,,,,,,,,,,,,,,,,,
54-169A-011-BAS,9,0,0,73,1,,,,,,,,,,,,,,,7.28,,,,,,,,,,,,,,,,,,,,,,,,,,,,,,,,,,,,,,,,,,,
54-164A-006-BAS,9,0,0,79,1,,,,,,,,,,,,,,,7.68,,,,,,,,,,,,,,,,,,,,,,,,,,,,,,,,,,,,,,,,,,,
54-170A-017-BAS,9,0,0,71,1,,,,,,,,,,,,,,,7.70,,,,,,,,,,,,,,,,,,,,,,,,,,,,,,,,,,,,,,,,,,,
54-163A-004-BAS,9,0,0,80,1,,,,,,,,,,,,,,,7.95,,,,,,,,,,,,,,,,,,,,,,,,,,,,,,,,,,,,,,,,,,,
54-173A-009R-BAS,9,0,0,75,1,,,,,,,,,,,,,,,8.04,,,,,,,,,,,,,,,,,,,,,,,,,,,,,,,,,,,,,,,,,,,
54-158A-005-BAS,9,0,0,76,1,,,,,,,,,,,,,,,8.06,,,,,,,,,,,,,,,,,,,,,,,,,,,,,,,,,,,,,,,,,,,
54-194A-008-BAS,9,0,0,67,1,,,,,,,,,,,,,,,8.07,,,,,,,,,,,,,,,,,,,,,,,,,,,,,,,,,,,,,,,,,,,
54-172A-010-BAS,9,0,0,68,1,,,,,,,,,,,,,,,8.13,,,,,,,,,,,,,,,,,,,,,,,,,,,,,,,,,,,,,,,,,,,
54-206A-006-BAS,9,0,0,69,1,,,,,,,,,,,,,,,8.31,,,,,,,,,,,,,,,,,,,,,,,,,,,,,,,,,,,,,,,,,,,
54-121A-012-BAS,9,0,0,72,1,,,,,,,,,,,,,,,8.41,,,,,,,,,,,,,,,,,,,,,,,,,,,,,,,,,,,,,,,,,,,
54-170A-029-BAS,9,0,0,81,1,,,,,,,,,,,,,,,8.42,,,,,,,,,,,,,,,,,,,,,,,,,,,,,,,,,,,,,,,,,,,
54-172A-007-BAS,9,0,0,73,1,,,,,,,,,,,,,,,8.46,,,,,,,,,,,,,,,,,,,,,,,,,,,,,,,,,,,,,,,,,,,
54-113A-001-BAS,9,0,0,82,1,,,,,,,,,,,,,,,8.59,,,,,,,,,,,,,,,,,,,,,,,,,,,,,,,,,,,,,,,,,,,
54-113A-035-BAS,9,0,0,79,1,,,,,,,,,,,,,,,8.70,,,,,,,,,,,,,,,,,,,,,,,,,,,,,,,,,,,,,,,,,,,
54-161A-002-BAS,9,0,0,77,1,,,,,,,,,,,,,,,8.74,,,,,,,,,,,,,,,,,,,,,,,,,,,,,,,,,,,,,,,,,,,
54-155A-011R-BAS,9,0,0,70,1,,,,,,,,,,,,,,,8.76,,,,,,,,,,,,,,,,,,,,,,,,,,,,,,,,,,,,,,,,,,,
54-172A-019R-BAS,9,0,0,70,1,,,,,,,,,,,,,,,8.83,,,,,,,,,,,,,,,,,,,,,,,,,,,,,,,,,,,,,,,,,,,
54-208A-004-BAS,9,0,0,81,1,,,,,,,,,,,,,,,8.85,,,,,,,,,,,,,,,,,,,,,,,,,,,,,,,,,,,,,,,,,,,
54-113A-008-BAS,9,0,0,66,1,,,,,,,,,,,,,,,8.89,,,,,,,,,,,,,,,,,,,,,,,,,,,,,,,,,,,,,,,,,,,
54-208A-001-BAS,9,0,0,69,1,,,,,,,,,,,,,,,8.94,,,,,,,,,,,,,,,,,,,,,,,,,,,,,,,,,,,,,,,,,,,
54-164A-016-BAS,9,0,0,74,1,,,,,,,,,,,,,,,9.02,,,,,,,,,,,,,,,,,,,,,,,,,,,,,,,,,,,,,,,,,,,
54-158A-004-BAS,9,0,0,68,1,,,,,,,,,,,,,,,9.09,,,,,,,,,,,,,,,,,,,,,,,,,,,,,,,,,,,,,,,,,,,
54-164A-010-BAS,9,0,0,84,1,,,,,,,,,,,,,,,9.15,,,,,,,,,,,,,,,,,,,,,,,,,,,,,,,,,,,,,,,,,,,
54-164A-007-BAS,9,0,0,68,1,,,,,,,,,,,,,,,9.20,,,,,,,,,,,,,,,,,,,,,,,,,,,,,,,,,,,,,,,,,,,
54-170A-016-BAS,9,0,0,75,1,,,,,,,,,,,,,,,9.21,,,,,,,,,,,,,,,,,,,,,,,,,,,,,,,,,,,,,,,,,,,
54-162A-019-BAS,9,0,0,80,1,,,,,,,,,,,,,,,9.39,,,,,,,,,,,,,,,,,,,,,,,,,,,,,,,,,,,,,,,,,,,
54-161A-045-BAS,9,0,0,72,1,,,,,,,,,,,,,,,9.52,,,,,,,,,,,,,,,,,,,,,,,,,,,,,,,,,,,,,,,,,,,
54-156A-009-BAS,9,0,0,71,1,,,,,,,,,,,,,,,9.59,,,,,,,,,,,,,,,,,,,,,,,,,,,,,,,,,,,,,,,,,,,
54-172A-003-BAS,9,0,0,71,1,,,,,,,,,,,,,,,9.79,,,,,,,,,,,,,,,,,,,,,,,,,,,,,,,,,,,,,,,,,,,
54-167A-004-BAS,9,0,0,80,1,,,,,,,,,,,,,,,9.91,,,,,,,,,,,,,,,,,,,,,,,,,,,,,,,,,,,,,,,,,,,
54-162A-006-BAS,9,0,0,79,1,,,,,,,,,,,,,,,9.96,,,,,,,,,,,,,,,,,,,,,,,,,,,,,,,,,,,,,,,,,,,
54-169A-010-BAS,9,0,0,66,1,,,,,,,,,,,,,,,10.00,,,,,,,,,,,,,,,,,,,,,,,,,,,,,,,,,,,,,,,,,,,
54-172A-014-BAS,9,0,0,86,1,,,,,,,,,,,,,,,10.17,,,,,,,,,,,,,,,,,,,,,,,,,,,,,,,,,,,,,,,,,,,
54-164A-015-BAS,9,0,0,72,1,,,,,,,,,,,,,,,10.21,,,,,,,,,,,,,,,,,,,,,,,,,,,,,,,,,,,,,,,,,,,
54-210A-014-BAS,9,0,0,88,1,,,,,,,,,,,,,,,10.36,,,,,,,,,,,,,,,,,,,,,,,,,,,,,,,,,,,,,,,,,,,
54-205A-002-BAS,9,0,0,80,1,,,,,,,,,,,,,,,10.62,,,,,,,,,,,,,,,,,,,,,,,,,,,,,,,,,,,,,,,,,,,
54-196A-009-BAS,9,0,0,72,1,,,,,,,,,,,,,,,10.81,,,,,,,,,,,,,,,,,,,,,,,,,,,,,,,,,,,,,,,,,,,
54-180A-013-BAS,9,0,0,76,1,,,,,,,,,,,,,,,10.83,,,,,,,,,,,,,,,,,,,,,,,,,,,,,,,,,,,,,,,,,,,
54-210A-016-BAS,9,0,0,76,1,,,,,,,,,,,,,,,11.05,,,,,,,,,,,,,,,,,,,,,,,,,,,,,,,,,,,,,,,,,,,
54-210A-007-BAS,9,0,0,75,1,,,,,,,,,,,,,,,11.06,,,,,,,,,,,,,,,,,,,,,,,,,,,,,,,,,,,,,,,,,,,
54-161A-036-BAS,9,0,0,81,1,,,,,,,,,,,,,,,11.31,,,,,,,,,,,,,,,,,,,,,,,,,,,,,,,,,,,,,,,,,,,
54-163A-001-BAS,9,0,0,80,1,,,,,,,,,,,,,,,11.47,,,,,,,,,,,,,,,,,,,,,,,,,,,,,,,,,,,,,,,,,,,
54-163A-003-BAS,9,0,0,80,1,,,,,,,,,,,,,,,11.94,,,,,,,,,,,,,,,,,,,,,,,,,,,,,,,,,,,,,,,,,,,
54-113A-020-BAS,9,0,0,77,1,,,,,,,,,,,,,,,11.98,,,,,,,,,,,,,,,,,,,,,,,,,,,,,,,,,,,,,,,,,,,
54-176A-005-BAS,9,0,0,81,1,,,,,,,,,,,,,,,12.00,,,,,,,,,,,,,,,,,,,,,,,,,,,,,,,,,,,,,,,,,,,
54-163A-009-BAS,9,0,0,80,1,,,,,,,,,,,,,,,12.30,,,,,,,,,,,,,,,,,,,,,,,,,,,,,,,,,,,,,,,,,,,
54-113A-013-BAS,9,0,0,76,1,,,,,,,,,,,,,,,12.36,,,,,,,,,,,,,,,,,,,,,,,,,,,,,,,,,,,,,,,,,,,
54-113A-016-BAS,9,0,0,63,1,,,,,,,,,,,,,,,12.41,,,,,,,,,,,,,,,,,,,,,,,,,,,,,,,,,,,,,,,,,,,
54-196A-001-BAS,9,0,0,82,1,,,,,,,,,,,,,,,12.41,,,,,,,,,,,,,,,,,,,,,,,,,,,,,,,,,,,,,,,,,,,
54-189A-019-BAS,9,0,0,73,1,,,,,,,,,,,,,,,12.79,,,,,,,,,,,,,,,,,,,,,,,,,,,,,,,,,,,,,,,,,,,
54-158A-011-BAS,9,0,0,77,1,,,,,,,,,,,,,,,13.59,,,,,,,,,,,,,,,,,,,,,,,,,,,,,,,,,,,,,,,,,,,
54-189A-022-BAS,9,0,0,77,1,,,,,,,,,,,,,,,14.47,,,,,,,,,,,,,,,,,,,,,,,,,,,,,,,,,,,,,,,,,,,
54-189A-007-BAS,9,0,0,67,1,,,,,,,,,,,,,,,14.91,,,,,,,,,,,,,,,,,,,,,,,,,,,,,,,,,,,,,,,,,,,
54-210A-011-BAS,9,0,0,78,1,,,,,,,,,,,,,,,14.97,,,,,,,,,,,,,,,,,,,,,,,,,,,,,,,,,,,,,,,,,,,
54-121A-011-BAS,9,0,0,72,1,,,,,,,,,,,,,,,15.07,,,,,,,,,,,,,,,,,,,,,,,,,,,,,,,,,,,,,,,,,,,
54-162A-007-BAS,9,0,0,75,1,,,,,,,,,,,,,,,15.21,,,,,,,,,,,,,,,,,,,,,,,,,,,,,,,,,,,,,,,,,,,
54-162A-009-BAS,9,0,0,73,1,,,,,,,,,,,,,,,15.43,,,,,,,,,,,,,,,,,,,,,,,,,,,,,,,,,,,,,,,,,,,
54-173A-007-BAS,9,0,0,81,1,,,,,,,,,,,,,,,15.45,,,,,,,,,,,,,,,,,,,,,,,,,,,,,,,,,,,,,,,,,,,
54-224A-003-BAS,9,0,0,75,1,,,,,,,,,,,,,,,15.53,,,,,,,,,,,,,,,,,,,,,,,,,,,,,,,,,,,,,,,,,,,
54-162A-002-BAS,9,0,0,76,1,,,,,,,,,,,,,,,15.92,,,,,,,,,,,,,,,,,,,,,,,,,,,,,,,,,,,,,,,,,,,
54-189A-028-BAS,9,0,0,71,1,,,,,,,,,,,,,,,16.04,,,,,,,,,,,,,,,,,,,,,,,,,,,,,,,,,,,,,,,,,,,
54-155A-014-BAS,9,0,0,84,1,,,,,,,,,,,,,,,16.12,,,,,,,,,,,,,,,,,,,,,,,,,,,,,,,,,,,,,,,,,,,
54-163A-002-BAS,9,0,0,71,1,,,,,,,,,,,,,,,17.04,,,,,,,,,,,,,,,,,,,,,,,,,,,,,,,,,,,,,,,,,,,
54-156A-003-BAS,9,0,0,68,1,,,,,,,,,,,,,,,17.05,,,,,,,,,,,,,,,,,,,,,,,,,,,,,,,,,,,,,,,,,,,
54-172A-004-BAS,9,0,0,67,1,,,,,,,,,,,,,,,17.96,,,,,,,,,,,,,,,,,,,,,,,,,,,,,,,,,,,,,,,,,,,
54-189A-014-BAS,9,0,0,79,1,,,,,,,,,,,,,,,17.97,,,,,,,,,,,,,,,,,,,,,,,,,,,,,,,,,,,,,,,,,,,
54-165A-004-BAS,9,0,0,79,1,,,,,,,,,,,,,,,18.62,,,,,,,,,,,,,,,,,,,,,,,,,,,,,,,,,,,,,,,,,,,
54-231A-006-BAS,9,0,0,83,1,,,,,,,,,,,,,,,20.11,,,,,,,,,,,,,,,,,,,,,,,,,,,,,,,,,,,,,,,,,,,
54-196A-008-BAS,9,0,0,77,1,,,,,,,,,,,,,,,20.26,,,,,,,,,,,,,,,,,,,,,,,,,,,,,,,,,,,,,,,,,,,
54-206A-013-BAS,9,0,0,70,1,,,,,,,,,,,,,,,21.56,,,,,,,,,,,,,,,,,,,,,,,,,,,,,,,,,,,,,,,,,,,
54-164A-019-BAS,9,0,0,83,1,,,,,,,,,,,,,,,22.17,,,,,,,,,,,,,,,,,,,,,,,,,,,,,,,,,,,,,,,,,,,
54-161A-044-BAS,9,0,0,78,1,,,,,,,,,,,,,,,23.77,,,,,,,,,,,,,,,,,,,,,,,,,,,,,,,,,,,,,,,,,,,
54-208A-003-BAS,9,0,0,76,1,,,,,,,,,,,,,,,24.35,,,,,,,,,,,,,,,,,,,,,,,,,,,,,,,,,,,,,,,,,,,
54-210A-008-BAS,9,0,0,72,1,,,,,,,,,,,,,,,24.89,,,,,,,,,,,,,,,,,,,,,,,,,,,,,,,,,,,,,,,,,,,
54-210A-005-BAS,9,0,0,81,1,,,,,,,,,,,,,,,25.23,,,,,,,,,,,,,,,,,,,,,,,,,,,,,,,,,,,,,,,,,,,
54-172A-015-BAS,9,0,0,77,1,,,,,,,,,,,,,,,26.46,,,,,,,,,,,,,,,,,,,,,,,,,,,,,,,,,,,,,,,,,,,
54-161A-028-BAS,9,0,0,80,1,,,,,,,,,,,,,,,26.75,,,,,,,,,,,,,,,,,,,,,,,,,,,,,,,,,,,,,,,,,,,
54-165A-002-BAS,9,0,0,62,1,,,,,,,,,,,,,,,26.83,,,,,,,,,,,,,,,,,,,,,,,,,,,,,,,,,,,,,,,,,,,
54-211A-003-BAS,9,0,0,81,1,,,,,,,,,,,,,,,28.38,,,,,,,,,,,,,,,,,,,,,,,,,,,,,,,,,,,,,,,,,,,
54-161A-023-BAS,9,0,0,76,1,,,,,,,,,,,,,,,29.25,,,,,,,,,,,,,,,,,,,,,,,,,,,,,,,,,,,,,,,,,,,
54-159A-001-BAS,9,0,0,69,1,,,,,,,,,,,,,,,30.01,,,,,,,,,,,,,,,,,,,,,,,,,,,,,,,,,,,,,,,,,,,
54-161A-025-BAS,9,0,0,73,1,,,,,,,,,,,,,,,38.21,,,,,,,,,,,,,,,,,,,,,,,,,,,,,,,,,,,,,,,,,,,
54-156A-012-BAS,9,0,0,75,1,,,,,,,,,,,,,,,38.43,,,,,,,,,,,,,,,,,,,,,,,,,,,,,,,,,,,,,,,,,,,
54-170A-031-BAS,9,0,0,71,1,,,,,,,,,,,,,,,39.22,,,,,,,,,,,,,,,,,,,,,,,,,,,,,,,,,,,,,,,,,,,
54-170A-027-BAS,9,0,0,67,1,,,,,,,,,,,,,,,39.90,,,,,,,,,,,,,,,,,,,,,,,,,,,,,,,,,,,,,,,,,,,
54-176A-013-BAS,9,0,0,74,1,,,,,,,,,,,,,,,40.69,,,,,,,,,,,,,,,,,,,,,,,,,,,,,,,,,,,,,,,,,,,
54-161A-047-BAS,9,0,0,78,1,,,,,,,,,,,,,,,41.37,,,,,,,,,,,,,,,,,,,,,,,,,,,,,,,,,,,,,,,,,,,
54-163A-010-BAS,9,0,0,78,1,,,,,,,,,,,,,,,43.04,,,,,,,,,,,,,,,,,,,,,,,,,,,,,,,,,,,,,,,,,,,
54-231A-002-BAS,9,0,0,83,1,,,,,,,,,,,,,,,43.32,,,,,,,,,,,,,,,,,,,,,,,,,,,,,,,,,,,,,,,,,,,
54-210A-013-BAS,9,0,0,71,1,,,,,,,,,,,,,,,46.59,,,,,,,,,,,,,,,,,,,,,,,,,,,,,,,,,,,,,,,,,,,
54-189A-027-BAS,9,0,0,76,1,,,,,,,,,,,,,,,48.94,,,,,,,,,,,,,,,,,,,,,,,,,,,,,,,,,,,,,,,,,,,
54-180A-008R-BAS,9,0,0,87,1,,,,,,,,,,,,,,,50.86,,,,,,,,,,,,,,,,,,,,,,,,,,,,,,,,,,,,,,,,,,,
54-161A-049-BAS,9,0,0,73,1,,,,,,,,,,,,,,,51.62,,,,,,,,,,,,,,,,,,,,,,,,,,,,,,,,,,,,,,,,,,,
54-210A-006-BAS,9,0,0,83,1,,,,,,,,,,,,,,,53.53,,,,,,,,,,,,,,,,,,,,,,,,,,,,,,,,,,,,,,,,,,,
54-206A-018-BAS,9,0,0,78,1,,,,,,,,,,,,,,,53.75,,,,,,,,,,,,,,,,,,,,,,,,,,,,,,,,,,,,,,,,,,,
54-164A-001-BAS,9,0,0,72,1,,,,,,,,,,,,,,,60.41,,,,,,,,,,,,,,,,,,,,,,,,,,,,,,,,,,,,,,,,,,,
54-189A-031-BAS,9,0,0,73,1,,,,,,,,,,,,,,,69.56,,,,,,,,,,,,,,,,,,,,,,,,,,,,,,,,,,,,,,,,,,,
54-121A-006-BAS,9,0,0,74,1,,,,,,,,,,,,,,,69.65,,,,,,,,,,,,,,,,,,,,,,,,,,,,,,,,,,,,,,,,,,,
54-176A-001-BAS,9,0,0,85,1,,,,,,,,,,,,,,,73.08,,,,,,,,,,,,,,,,,,,,,,,,,,,,,,,,,,,,,,,,,,,
54-176A-008-BAS,9,0,0,80,1,,,,,,,,,,,,,,,74.30,,,,,,,,,,,,,,,,,,,,,,,,,,,,,,,,,,,,,,,,,,,
54-161A-004-BAS,9,0,0,77,1,,,,,,,,,,,,,,,75.74,,,,,,,,,,,,,,,,,,,,,,,,,,,,,,,,,,,,,,,,,,,
54-165A-007-BAS,9,0,0,83,1,,,,,,,,,,,,,,,76.58,,,,,,,,,,,,,,,,,,,,,,,,,,,,,,,,,,,,,,,,,,,
54-180A-006-BAS,9,0,0,79,1,,,,,,,,,,,,,,,78.02,,,,,,,,,,,,,,,,,,,,,,,,,,,,,,,,,,,,,,,,,,,
54-170A-006-BAS,9,0,0,72,1,,,,,,,,,,,,,,,81.05,,,,,,,,,,,,,,,,,,,,,,,,,,,,,,,,,,,,,,,,,,,
54-113A-021-BAS,9,0,0,76,1,,,,,,,,,,,,,,,81.69,,,,,,,,,,,,,,,,,,,,,,,,,,,,,,,,,,,,,,,,,,,
54-210A-015-BAS,9,0,0,74,1,,,,,,,,,,,,,,,86.85,,,,,,,,,,,,,,,,,,,,,,,,,,,,,,,,,,,,,,,,,,,
54-194A-010-BAS,9,0,0,74,1,,,,,,,,,,,,,,,99.99,,,,,,,,,,,,,,,,,,,,,,,,,,,,,,,,,,,,,,,,,,,
54-188A-003-BAS,9,0,0,83,1,,,,,,,,,,,,,,,,,,,,,,,,,,,,,,,,,,,,,,,,,,,,,,,,,,,,,,,,,,